208338323,553850,17,2,0.0588235294117647,0.0588235294117647,0,0,0,1,0,0.16,0.54,1,0,0,0,0.0,0,0,0,0,1,0,94.05,8.116666666666667,94.16666666666669,0,1,1,1,0.1807549175970228,0.0861946902654867,0,94.16666666666669,1.0,1,1762197705,1762197705,0,1,0,0,5,0,546,1,0,0,1,0,1,1,1,0,0,0,1,0
208259553,553850,13,2,0.9230769230769232,0.0,0,0,0,1,0,0.0,0.0,1,0,0,0,0.0,0,0,0,0,1,0,260.43333333333334,1.2833333333333334,260.6666666666667,0,1,1,1,0.0499168053244592,0.004923273657289,0,260.6666666666667,1.0,1,1762113440,1762113440,0,0,0,0,6,0,545,1,0,0,0,1,1,1,1,0,1,1,1,0
208194185,553850,13,1,0.7692307692307693,0.2307692307692307,3,0,0,1,0,0.0,0.0,1,0,0,0,0.0,0,0,0,0,32,0,5.933333333333334,5.216666666666667,5.933333333333334,0,0,1,0,2.191011235955056,0.8792134831460674,0,5.933333333333334,32.0,0,1762056319,1762056319,0,0,0,0,5,0,544,0,0,0,0,1,1,1,1,0,1,1,1,1
208188065,553850,4,1,0.0,0.0,0,0,0,1,0,0.7,0.6000000000000001,1,0,0,0,0.0,0,0,0,0,1,0,97.98333333333332,2.85,98.01666666666668,0,1,1,1,0.0408232692634801,0.0290766876381567,0,98.01666666666668,1.0,1,1762049434,1762049434,0,0,0,0,5,0,544,1,0,0,0,0,1,1,1,0,1,1,1,0
208187312,553850,27,4,0.8888888888888888,0.0,0,0,0,1,0,0.5,0.5,1,0,0,0,0.0,0,0,0,0,4,0,68.48333333333333,4.783333333333333,72.43333333333334,0,1,1,1,0.3942565100997809,0.0660377358490566,0,72.43333333333334,4.0,1,1762048616,1762048616,0,0,0,0,5,0,544,1,0,0,0,1,0,1,1,0,1,1,1,0
208178893,553850,10,3,0.1,0.0,0,0,0,1,0,0.6,1.0,1,0,0,0,0.0,0,0,0,0,1,0,6.85,12.983333333333333,12.983333333333333,0,1,1,1,1.45985401459854,1.0,0,12.983333333333333,1.0,0,1762040116,1762040116,0,0,1,0,6,0,544,1,0,0,0,0,1,1,1,1,1,1,1,0
207824068,1245620,35,9,0.0285714285714285,0.0,0,0,0,1,0,-0.4,0.4,1,0,0,0,0.0,0,1,0,0,2,0,12.733333333333333,21.433333333333334,21.433333333333334,0,1,1,1,2.74869109947644,1.0,0,21.433333333333334,2.0,0,1761686911,1761686911,0,0,0,0,5,0,1338,1,0,0,1,0,0,1,1,0,1,1,1,0
207802488,1245620,4,1,0.0,0.0,0,0,0,1,0,0.0,0.0,1,0,0,0,0.0,0,0,0,0,1,0,83.35,22.95,91.85,0,1,1,1,0.047990401919616,0.2498639085465432,0,91.85,1.0,1,1761669604,1761669604,0,0,0,0,5,0,1338,1,0,0,0,0,1,1,1,0,1,1,1,0
207769486,1245620,14,2,0.0,0.0,0,0,0,1,0,0.0,0.0,1,0,0,0,0.0,0,0,0,0,1,0,99.75,0.0,99.75,0,1,1,1,0.1403508771929824,0.0,0,99.75,1.0,1,1761632308,1761632308,0,0,0,0,5,0,1337,1,0,0,0,0,1,1,1,0,1,1,1,0
207767203,1245620,14,3,0.0,0.0,0,0,0,1,0,0.0,0.0,1,0,0,0,0.0,0,0,0,0,4,0,246.9833333333333,0.0,246.9833333333333,0,1,1,1,0.0566839867737364,0.0,0,246.9833333333333,4.0,1,1761628203,1761628203,0,0,0,0,5,0,1337,1,0,0,0,0,1,1,1,0,1,1,1,0
207717534,1245620,9,2,0.1111111111111111,0.0,0,0,0,1,0,0.7,0.6000000000000001,1,0,0,0,0.0,0,0,0,0,4,0,81.81666666666666,6.516666666666667,86.8,0,1,1,1,0.1100020370747606,0.0750768049155145,0,86.8,4.0,1,1761573600,1761573600,0,0,0,0,5,0,1337,1,0,0,0,0,1,1,1,0,1,1,1,0
207714484,1245620,61,13,0.0,0.0163934426229508,0,0,0,1,0,0.2099999999999999,0.48,1,0,0,0,0.0,0,0,0,0,2,0,97.4,3.8333333333333335,100.98333333333332,0,1,1,1,0.6262833675564682,0.0379600594157451,0,100.98333333333332,2.0,1,1761570557,1761570557,0,0,1,0,5,0,1337,1,0,0,0,0,0,1,1,1,1,1,1,0
207677115,1245620,11,1,0.0909090909090909,0.0,0,0,0,1,0,0.0,0.0,1,0,0,0,0.0,0,0,1,0,3,0,64.01666666666667,54.06666666666667,84.55,0,1,1,1,0.1718302525384014,0.6394638281095999,0,84.55,3.0,1,1761516973,1761516973,0,0,0,0,6,0,1336,1,0,0,1,0,1,1,1,0,1,1,1,0
49212971,1006510,28,4,0.0357142857142857,0.1071428571428571,3,0,0,1,0,0.0,0.0,1,6,0,0,1.0,6,0,0,0,1,0,0.35,0.0,1.1,0,1,1,1,80.0,0.0,1,1.1,1.0,0,1551021736,1551021736,0,0,0,0,5,1,999,1,1,1,0,0,0,1,0,0,1,1,1,1
49206782,1006510,98,16,0.0306122448979591,0.0408163265306122,3,0,0,1,0,0.45625,0.625,1,6,0,0,1.0,6,0,1,0,1,0,0.9833333333333332,0.0,1.05,0,1,1,1,99.66101694915255,0.0,1,1.05,1.0,0,1551001440,1551001440,0,0,0,0,5,1,999,1,1,1,0,0,0,1,0,0,1,1,1,1
49203330,1006510,51,8,0.0392156862745098,0.0392156862745098,1,0,0,1,0,-0.8749999999999998,0.6666666666666666,0,3,16,0,0.1578947368421052,19,0,0,0,1,0,0.3166666666666666,0.0,0.3166666666666666,0,1,1,1,161.05263157894737,0.0,1,0.3166666666666666,1.0,0,1550987882,1550987882,0,0,0,0,5,1,999,1,1,1,0,0,0,1,0,0,1,1,1,1
49187265,1006510,14,2,0.1428571428571428,0.2857142857142857,3,0,0,1,0,0.0,0.0,1,9,0,0,1.0,9,0,0,0,1,0,0.5333333333333333,0.0,0.5333333333333333,0,1,1,1,26.25,0.0,1,0.5333333333333333,1.0,0,1550930297,1550930297,0,1,0,0,5,1,999,1,1,1,0,0,1,1,0,0,0,0,1,1
208086645,1151340,17,5,0.1176470588235294,0.0588235294117647,0,0,0,1,0,1.0,1.0,1,0,0,0,0.0,0,0,0,0,1,0,0.4666666666666667,0.0,0.4666666666666667,0,1,1,1,36.42857142857143,0.0,1,0.4666666666666667,1.0,0,1761951637,1761951637,0,1,0,0,6,0,2540,1,1,1,0,0,1,1,1,0,0,0,1,1
208054537,1151340,3,1,0.0,0.0,0,0,0,1,0,0.0,0.0,1,0,0,0,0.0,0,0,0,0,4,0,13.366666666666667,12.45,17.433333333333334,0,1,1,1,0.2244389027431421,0.7141491395793499,0,17.433333333333334,4.0,0,1761924178,1761924178,0,1,1,0,5,0,2540,1,0,0,0,0,1,1,1,1,0,1,1,1
207660039,1151340,3,1,0.0,0.0,0,0,0,1,0,0.0,0.0,0,0,0,0,0.0,0,0,0,0,10,0,0.15,0.0,0.15,0,0,1,0,20.0,0.0,1,0.15,10.0,0,1761502878,1761502878,0,0,0,0,6,0,2535,0,1,1,0,0,1,1,1,0,1,1,1,1
121589847,535230,178,33,0.0,0.0112359550561797,0,0,0,1,0,-0.1083333333333333,0.4416666666666667,0,0,0,0,0.0,0,0,0,0,18,484,0.4166666666666667,0.0,0.4166666666666667,0,0,0,0,427.2,0.0,1,0.0008608815426997,0.0371900826446281,0,1662063497,1662063497,0,0,1,0,5,0,171,0,1,1,0,0,0,0,1,1,1,1,1,1
121586347,535230,90,18,0.0111111111111111,0.0111111111111111,0,0,0,2,0,0.4,0.8,0,2,0,0,1.0,2,1,0,0,93,0,0.1666666666666666,0.0,0.1666666666666666,0,0,1,0,540.0,0.0,1,0.1666666666666666,93.0,0,1662058155,1662058155,0,0,1,0,5,0,171,0,1,1,0,0,0,1,0,1,1,1,1,0
121583160,535230,15,3,0.1333333333333333,0.0666666666666666,0,1,0,1,0,0.0,0.0,0,1,0,0,1.0,1,0,0,0,3,0,0.7666666666666667,0.0,0.7666666666666667,0,1,1,1,19.565217391304348,0.0,1,0.7666666666666667,3.0,0,1662053907,1662053907,0,0,0,0,6,0,171,1,1,1,0,0,1,1,0,0,1,1,1,0
121577335,535230,5,1,0.0,0.0,0,0,0,1,0,-0.3,0.3,0,8,0,0,1.0,8,0,0,0,37,0,0.2833333333333333,0.0,0.2833333333333333,0,0,1,0,17.647058823529413,0.0,1,0.2833333333333333,37.0,0,1662045872,1662045872,0,0,0,0,5,0,171,0,1,1,0,0,1,1,0,0,1,1,1,0
208359896,730,9,2,0.8888888888888888,0.0,0,0,0,1,0,0.1499999999999999,0.5,1,0,0,0,0.0,0,0,0,0,3,0,339.55,4.9,339.55,0,1,1,1,0.026505669268149,0.0144308643793255,0,339.55,3.0,1,1762219724,1762219724,0,1,0,0,5,0,766,1,0,0,0,1,1,1,1,0,0,0,1,0
208358825,730,20,3,0.0,0.0,0,0,0,1,0,0.0999999999999999,0.7,1,0,0,0,0.0,0,0,0,0,1,1,8.983333333333333,9.066666666666666,9.066666666666666,0,1,1,1,2.226345083487941,1.0,0,9.066666666666666,1.0,0,1762218266,1762218266,0,0,1,0,5,0,766,1,0,0,0,0,0,1,1,1,1,1,1,1
208357752,730,9,2,0.8888888888888888,0.0,0,0,0,1,0,0.1499999999999999,0.5,1,0,0,0,0.0,0,0,0,0,1,0,55.3,33.05,56.583333333333336,0,1,1,1,0.162748643761302,0.5840942562592046,0,56.583333333333336,1.0,1,1762216933,1762216933,0,1,0,0,5,0,766,1,0,0,0,1,1,1,1,0,0,0,1,1
208356036,730,12,2,0.0,0.0,0,0,0,1,0,-0.2,0.4,0,0,0,0,0.0,0,0,0,0,2,2,8.033333333333333,0.5166666666666667,8.516666666666667,0,1,0,1,1.4937759336099583,0.060665362035225,0,4.258333333333334,1.0,0,1762214887,1762214887,0,0,0,0,5,0,766,1,0,0,0,0,1,1,1,0,1,1,1,1
208354988,730,14,3,0.0714285714285714,0.0,0,0,0,1,0,0.1499999999999999,0.5,1,0,0,0,0.0,0,0,0,0,3,0,69.31666666666666,26.466666666666665,69.43333333333334,0,1,1,1,0.201971627795143,0.3811809889582332,0,69.43333333333334,3.0,1,1762213624,1762213624,0,1,1,0,5,0,766,1,0,0,0,0,1,1,1,1,0,1,1,0
208354353,730,9,2,0.0,0.0,0,0,0,1,0,0.0999999999999999,0.7,1,0,0,0,0.0,0,0,0,0,1,1,0.5666666666666667,0.5666666666666667,0.5666666666666667,0,1,1,1,15.882352941176473,1.0,1,0.5666666666666667,1.0,0,1762212871,1762212871,0,1,0,0,6,0,766,1,1,1,0,0,1,1,1,0,0,0,1,1
208354054,730,4,1,0.0,0.0,0,0,0,1,0,0.0,0.0,1,0,0,0,0.0,0,0,0,0,1,1,6.116666666666666,1.4,6.45,0,1,1,1,0.6539509536784741,0.2170542635658914,0,6.45,1.0,0,1762212548,1762212548,0,0,0,0,5,0,766,1,0,0,0,0,1,1,1,0,1,1,1,1
208353306,730,10,2,0.1,0.0,0,0,0,1,0,0.0,0.0,1,0,0,0,0.0,0,0,0,0,3,0,1579.8666666666666,14.583333333333334,1579.9,0,1,1,1,0.0063296480715672,0.0092305420174272,0,1579.9,3.0,1,1762211724,1762211724,0,0,0,0,5,0,766,1,0,0,0,0,1,1,1,0,1,1,1,0
208349481,730,2,1,0.0,0.0,0,0,0,1,0,0.0,0.0,1,0,0,0,0.0,0,0,0,0,2,0,12.483333333333333,10.083333333333334,12.483333333333333,0,1,1,1,0.1602136181575434,0.8077436582109481,0,12.483333333333333,2.0,0,1762207714,1762207714,0,0,0,0,5,0,766,1,0,0,0,0,1,1,1,0,1,1,1,1
208346489,730,16,3,0.75,0.0,0,0,0,1,0,0.0,0.0,1,0,0,0,0.0,0,0,0,0,1,4,16.916666666666668,5.666666666666667,17.483333333333334,0,1,0,1,0.9458128078817734,0.3241182078169685,0,4.370833333333334,0.25,0,1762204811,1762204811,0,0,0,0,5,0,766,1,0,0,0,1,1,0,1,0,1,1,1,1
208345744,730,4,1,0.0,0.0,0,0,0,1,0,0.7,0.6000000000000001,1,0,0,0,0.0,0,0,0,0,1,0,35.766666666666666,29.73333333333333,35.766666666666666,0,1,1,1,0.1118359739049394,0.8313140726933831,0,35.766666666666666,1.0,1,1762204138,1762204138,0,0,0,0,5,0,766,1,0,0,0,0,1,1,1,0,1,1,1,0
208345403,730,14,3,0.0714285714285714,0.0,0,0,0,1,0,0.3,0.35,1,0,0,0,0.0,0,0,1,0,1,0,65.65,0.0166666666666666,65.65,0,1,1,1,0.2132520944402132,0.0002538715410002,0,65.65,1.0,1,1762203837,1762203837,0,0,0,0,5,0,766,1,0,0,0,0,1,1,1,0,1,1,1,0
208345242,730,4,1,0.0,0.0,0,0,0,1,0,1.0,0.3,1,0,0,0,0.0,0,0,0,0,1,0,276.9166666666667,121.2,278.9833333333333,0,1,1,1,0.0144447788143244,0.434434554035486,0,278.9833333333333,1.0,1,1762203700,1762203700,0,1,1,0,5,0,766,1,0,0,0,0,1,1,1,1,0,1,1,0
208343856,730,13,3,0.0,0.0,0,0,0,1,0,0.1499999999999999,0.5,1,0,0,0,0.0,0,0,0,0,1,1,151.23333333333332,34.55,151.23333333333332,0,1,1,1,0.0859598853868194,0.2284549261626625,0,151.23333333333332,1.0,1,1762202482,1762202482,0,0,0,0,5,0,766,1,0,0,0,0,1,1,1,0,1,1,1,0
208342643,730,16,4,0.0625,0.0,0,0,0,1,0,-0.4,0.4,0,0,0,0,0.0,0,0,0,0,1,0,79.45,45.583333333333336,81.55,0,1,1,1,0.2013845185651352,0.5589617821377478,0,81.55,1.0,1,1762201337,1762201337,0,1,1,0,5,0,766,1,0,0,0,0,1,1,1,1,0,1,1,0
208341813,730,9,2,0.8888888888888888,0.0,0,0,0,1,0,0.1499999999999999,0.5,1,0,0,0,0.0,0,0,0,0,1,0,211.55,34.5,211.7,0,1,1,1,0.0425431340108721,0.1629664619744922,0,211.7,1.0,1,1762200635,1762200635,0,1,0,0,5,0,766,1,0,0,0,1,1,1,1,0,0,0,1,0
208341582,730,3,1,0.0,0.0,0,0,0,1,0,0.0,0.0,1,0,0,0,0.0,0,0,0,0,1,0,1480.1666666666667,2.9,1480.1666666666667,0,1,1,1,0.0020267987839207,0.0019592388244567,0,1480.1666666666667,1.0,1,1762200450,1762200450,0,0,0,0,5,0,766,1,0,0,0,0,1,1,1,0,1,1,1,1
208340915,730,1,1,1.0,0.0,0,0,0,1,0,0.0,0.0,1,0,0,0,0.0,0,0,0,0,6,0,3.8,2.283333333333333,4.266666666666667,0,0,1,1,0.2631578947368421,0.53515625,0,4.266666666666667,6.0,0,1762199853,1762199853,0,0,0,0,5,0,766,0,0,0,0,1,1,1,1,0,1,1,1,1
208340394,730,14,3,0.8571428571428571,0.0,0,0,0,1,0,0.0274999999999999,0.6225,1,0,0,0,0.0,0,0,0,0,1,0,68.45,21.7,69.5,0,1,1,1,0.2045288531775018,0.3122302158273381,0,69.5,1.0,1,1762199435,1762199435,0,0,1,0,7,0,766,1,0,0,0,1,1,1,1,1,1,1,1,0
208338507,730,5,1,0.8,0.2,0,0,0,1,0,0.0,0.0,1,0,0,0,0.0,0,0,0,0,1,4,47.55,1.0166666666666666,48.05,0,1,0,1,0.1051524710830704,0.0211585154353104,0,12.0125,0.25,1,1762197849,1762197849,0,0,0,0,5,0,766,1,0,0,0,1,1,0,1,0,1,1,1,0
208337051,730,9,2,0.8888888888888888,0.0,0,0,0,1,0,0.0,0.0,1,0,0,0,0.0,0,0,0,0,1,0,312.8833333333333,2.5,312.8833333333333,0,1,1,1,0.0287647152825866,0.0079901986896074,0,312.8833333333333,1.0,1,1762196617,1762196617,0,1,0,0,5,0,766,1,0,0,0,1,1,1,1,0,0,0,1,0
208335116,730,6,1,0.0,0.0,0,0,0,1,0,0.0,0.0,1,0,0,0,0.0,0,0,0,0,1,0,20.48333333333333,10.3,20.48333333333333,0,1,1,1,0.2929210740439381,0.5028478437754272,0,20.48333333333333,1.0,1,1762194908,1762194908,0,0,0,0,5,0,766,1,0,0,0,0,1,1,1,0,1,1,1,1
208334634,730,9,2,0.2222222222222222,0.0,0,0,0,1,0,0.3,0.35,1,0,0,0,0.0,0,0,1,0,1,0,501.55,51.75,505.0833333333333,0,1,1,1,0.0179443724454192,0.1024583402078865,0,505.0833333333333,1.0,1,1762194489,1762194489,0,0,0,0,5,0,766,1,0,0,0,0,1,1,1,0,1,1,1,0
208333345,730,14,3,0.0714285714285714,0.0,0,0,0,1,0,0.3,0.35,1,0,0,0,0.0,0,0,1,0,1,0,359.76666666666665,16.183333333333334,361.05,0,1,1,1,0.0389141109978689,0.0448229700410838,0,361.05,1.0,1,1762193381,1762193381,0,1,1,0,5,0,766,1,0,0,0,0,1,1,1,1,0,1,1,0
208327997,730,9,2,0.2222222222222222,0.0,0,0,0,1,0,0.1499999999999999,0.5,1,0,0,0,0.0,0,0,0,0,1,0,160.6,3.6666666666666665,161.2,0,1,1,1,0.0560398505603985,0.0227460711331679,0,161.2,1.0,1,1762188823,1762188823,0,0,0,0,5,0,766,1,0,0,0,0,1,1,1,0,1,1,1,0
208326970,730,11,2,0.0,0.0,0,0,0,1,0,0.3,0.35,1,0,0,0,0.0,0,0,1,0,2,1,281.85,32.85,282.03333333333336,0,1,1,1,0.0390278516941635,0.11647559390143,0,282.03333333333336,2.0,1,1762187876,1762187876,0,0,0,0,5,0,766,1,0,0,0,0,1,1,1,0,1,1,1,0
208326314,730,11,2,0.7272727272727273,0.0,0,0,0,1,0,0.0,0.0,1,0,0,0,0.0,0,0,0,0,1,0,14.116666666666667,7.65,15.633333333333333,0,1,1,1,0.7792207792207791,0.4893390191897655,0,15.633333333333333,1.0,0,1762187298,1762187298,0,0,0,0,6,0,766,1,0,0,0,1,1,1,1,0,1,1,1,1
208325531,730,60,11,0.0,0.0,0,0,0,1,0,0.8,0.75,1,0,0,0,0.0,0,0,0,0,1,0,5.916666666666667,6.383333333333334,6.5,0,1,1,1,10.140845070422534,0.982051282051282,0,6.5,1.0,0,1762186567,1762186567,0,0,1,0,5,0,766,1,0,0,0,0,0,1,1,1,1,1,1,0
208323754,730,2,1,0.0,0.0,0,0,0,1,0,0.0,0.0,1,0,0,0,0.0,0,0,0,0,1,0,1158.3,10.266666666666667,1160.7,0,1,1,1,0.001726668393335,0.0088452370695844,0,1160.7,1.0,1,1762185010,1762185010,0,0,0,0,5,0,766,1,0,0,0,0,1,1,1,0,1,1,1,0
208320166,730,122,22,0.0,0.0,0,0,0,1,0,0.2,0.9,1,0,0,0,0.0,0,0,1,1,1,0,11.483333333333333,13.45,13.45,0,1,1,1,10.624092888243831,1.0,0,13.45,1.0,0,1762181870,1762181870,0,0,1,0,6,0,766,1,0,0,1,0,0,1,1,1,1,1,1,0
208316154,730,4,1,0.0,0.0,0,0,0,1,0,0.7,0.6000000000000001,1,0,0,0,0.0,0,0,0,0,1,0,56.75,28.28333333333333,58.833333333333336,0,1,1,1,0.0704845814977973,0.4807365439093484,0,58.833333333333336,1.0,1,1762178294,1762178294,0,0,1,0,6,0,766,1,0,0,0,0,1,1,1,1,1,1,1,0
208324783,570,2,1,0.0,0.0,0,0,0,1,0,0.0,0.0,1,0,0,0,0.0,0,0,0,0,2,2,1.3833333333333333,0.0,1.3833333333333333,0,1,0,1,1.4457831325301205,0.0,1,0.6916666666666667,1.0,0,1762185935,1762185935,0,0,0,0,6,0,884,1,0,1,0,0,1,1,1,0,1,1,1,1
208314985,570,9,2,0.8888888888888888,0.0,0,0,0,1,0,-0.3458333333333333,0.4708333333333333,0,0,0,0,0.0,0,0,0,0,1,0,73.96666666666667,13.45,73.96666666666667,0,1,1,1,0.1216764308246958,0.1818386660657953,0,73.96666666666667,1.0,1,1762177168,1762177168,0,0,0,0,6,0,884,1,0,0,0,1,1,1,1,0,1,1,1,0
208312107,570,378,64,0.0185185185185185,0.0317460317460317,0,2,0,1,0,0.2086946386946387,0.5667965367965369,1,0,0,0,0.0,0,0,1,0,1,0,0.8666666666666667,0.0,0.8666666666666667,0,1,1,1,436.1538461538461,0.0,1,0.8666666666666667,1.0,0,1762174221,1762174221,0,0,0,0,7,0,883,1,1,1,1,0,0,1,1,0,1,1,1,1
208304085,570,416,65,0.0144230769230769,0.0216346153846153,0,0,0,1,0,-0.0568181818181818,0.5496170496170496,1,0,0,0,0.0,0,0,0,0,1,0,0.6,0.0,0.6,0,1,1,1,693.3333333333334,0.0,1,0.6,1.0,0,1762164234,1762164234,0,0,1,0,7,0,883,1,1,1,0,0,0,1,1,1,1,1,1,0
208295294,570,8,1,0.0,0.0,0,0,0,1,0,-1.0,1.0,0,0,0,0,0.0,0,0,0,1,8,0,0.25,0.25,0.25,0,0,1,1,32.0,1.0,1,0.25,8.0,0,1762150434,1762150434,0,0,0,0,6,0,883,0,1,1,0,0,1,1,1,0,1,1,1,1
208292438,570,15,3,0.0,0.2,0,0,0,1,0,0.5,1.0,1,0,0,0,0.0,0,0,0,0,1,1,861.5666666666667,20.816666666666663,865.65,0,1,1,1,0.0174101443107517,0.0240474402664664,0,865.65,1.0,1,1762145897,1762145897,0,0,1,0,6,0,883,1,0,0,0,0,1,1,1,1,1,1,1,0
208268062,570,5,1,0.2,0.0,0,0,0,1,0,0.0,0.0,1,0,1,0,0.0,1,0,0,0,1,0,0.1166666666666666,0.1166666666666666,0.1166666666666666,0,1,1,1,42.85714285714285,1.0,1,0.1166666666666666,1.0,0,1762119280,1762119280,0,0,0,0,6,0,883,1,1,1,0,0,1,1,0,0,1,1,1,1
208247500,570,8,2,0.375,0.0,0,0,0,1,0,0.1,0.2,1,0,0,0,0.0,0,0,0,0,3,0,202.41666666666663,0.0,202.41666666666663,0,1,1,1,0.0395224372169617,0.0,0,202.41666666666663,3.0,1,1762106187,1762106187,0,0,0,0,6,0,883,1,0,0,0,1,1,1,1,0,1,1,1,0
208246466,570,11,2,0.6363636363636364,0.0909090909090909,1,0,0,1,0,0.0,0.0,1,0,0,0,0.0,0,0,0,0,1,1,19.85,13.633333333333333,22.25,0,1,1,1,0.5541561712846347,0.6127340823970038,0,22.25,1.0,0,1762105418,1762105418,0,0,0,0,6,0,883,1,0,0,0,1,1,1,1,0,1,1,1,1
208245480,570,8,2,0.0,0.0,0,0,0,1,0,0.0,0.0,0,0,0,0,0.0,0,0,0,1,1,0,0.2,0.2,0.2,0,1,1,1,40.0,1.0,1,0.2,1.0,0,1762104653,1762104653,0,0,0,0,7,0,883,1,1,1,0,0,1,1,1,0,1,1,1,0
208229224,570,10,2,0.1,0.1,1,0,0,1,0,0.0499999999999999,0.7,1,0,0,0,0.0,0,0,0,0,3,0,0.6333333333333333,1.3166666666666669,1.3166666666666669,0,1,1,1,15.789473684210527,1.0,1,1.3166666666666669,3.0,0,1762092799,1762092799,0,0,1,0,8,0,883,1,1,1,0,0,1,1,1,1,1,1,1,1
208206486,570,4,1,0.0,0.0,0,0,0,1,0,0.6,1.0,1,0,0,0,0.0,0,0,0,0,1,0,2919.6666666666665,8.716666666666667,2921.5333333333333,0,1,1,1,0.0013700194086082,0.0029835930903863,0,2921.5333333333333,1.0,1,1762071407,1762071407,0,0,1,0,6,0,882,1,0,0,0,0,1,1,1,1,1,1,1,1
208179701,570,31,5,0.032258064516129,0.0,0,0,0,1,0,0.0,0.0,1,0,0,0,0.0,0,0,0,0,2,0,0.6666666666666666,0.0,0.6666666666666666,0,1,1,1,46.5,0.0,1,0.6666666666666666,2.0,0,1762040870,1762040870,0,0,0,0,6,0,882,1,1,1,0,0,0,1,1,0,1,1,1,1
208166740,570,5,1,0.0,0.0,0,0,0,1,0,0.0,0.0,1,0,0,0,0.0,0,0,0,0,3,0,604.9333333333333,0.0,604.9333333333333,0,1,1,1,0.0082653735948864,0.0,0,604.9333333333333,3.0,1,1762029953,1762029953,0,0,0,0,5,0,882,1,0,0,0,0,1,1,1,0,1,1,1,0
208166557,570,7,1,0.0,0.0,0,0,0,1,0,0.1,1.0,1,0,0,0,0.0,0,0,0,0,2,2,5.3,7.416666666666667,7.416666666666667,0,1,0,1,1.3207547169811322,1.0,0,3.7083333333333335,1.0,0,1762029814,1762029814,0,0,0,0,5,0,882,1,0,0,0,0,1,1,1,0,1,1,1,1
208165913,570,19,3,0.0526315789473684,0.0526315789473684,0,0,0,1,0,-0.5,1.0,1,0,0,0,0.0,0,1,0,0,3,0,1297.3666666666666,80.66666666666667,1318.9166666666667,0,1,1,1,0.0146450502299529,0.0611613066279143,0,1318.9166666666667,3.0,1,1762029335,1762029335,0,0,0,0,5,0,882,1,0,0,0,0,1,1,1,0,1,1,1,0
208164475,570,1,1,0.0,0.0,0,0,0,1,0,0.0,0.0,1,0,0,0,0.0,0,0,0,0,3,0,0.0833333333333333,0.0,0.0833333333333333,0,1,1,1,10.0,0.0,1,0.0833333333333333,3.0,0,1762028251,1762028251,0,0,0,0,7,0,882,1,1,1,0,0,1,1,1,0,1,1,1,1
208151251,570,15,3,0.0,0.0666666666666666,0,0,0,1,0,0.1,1.0,1,0,0,0,0.0,0,0,0,0,1,0,7552.066666666667,30.816666666666663,7555.183333333333,0,1,1,1,0.0019862112799145,0.0040788774152844,0,7555.183333333333,1.0,1,1762018337,1762018337,0,0,1,0,6,0,882,1,0,0,0,0,1,1,1,1,1,1,1,0
208149605,570,6,1,0.0,0.0,0,0,0,1,0,0.0,0.0,1,0,0,0,0.0,0,0,0,0,1,0,44.66666666666666,0.2,44.88333333333333,0,1,1,1,0.1343283582089552,0.0044559970293353,0,44.88333333333333,1.0,1,1762017144,1762017144,0,0,0,0,5,0,882,1,0,0,0,0,1,1,1,0,1,1,1,0
208146966,570,7,1,0.0,0.0,0,0,0,1,0,0.0,0.0,1,0,0,0,0.0,0,0,0,0,1,0,730.4833333333333,0.0,730.4833333333333,0,1,1,1,0.0095826963882361,0.0,0,730.4833333333333,1.0,1,1762015217,1762015217,0,0,0,0,5,0,882,1,0,0,0,0,1,1,1,0,1,1,1,0
208144858,570,91,13,0.0439560439560439,0.0439560439560439,0,0,0,1,0,0.0,0.0,1,0,0,0,0.0,0,0,1,1,1,0,3535.733333333333,30.666666666666668,3536.75,0,1,1,1,0.0257372350856022,0.0086708607242996,0,3536.75,1.0,1,1762013637,1762013685,1,0,0,0,5,0,882,1,0,0,1,0,0,1,1,0,1,1,1,0
208125196,570,56,9,0.0,0.0,0,0,0,1,0,0.0,0.0,1,0,0,0,0.0,0,0,0,0,1,0,5282.933333333333,45.86666666666667,5293.25,0,1,1,1,0.0106001716218262,0.0086651238212188,0,5293.25,1.0,1,1761997988,1761997988,0,0,1,0,5,0,881,1,0,0,0,0,0,1,1,1,1,1,1,0
208124842,570,55,12,0.0363636363636363,0.0363636363636363,0,0,0,1,0,0.0,0.0,1,0,0,0,0.0,0,0,1,1,1,0,411.45,21.4,420.65,0,1,1,1,0.1336735933892332,0.050873647925829,0,420.65,1.0,1,1761997670,1761997670,0,0,0,0,5,0,881,1,0,0,1,0,0,1,1,0,1,1,1,0
208122101,570,4,1,1.0,0.0,0,0,0,1,0,0.0,0.0,1,0,0,0,0.0,0,0,0,0,1,0,284.68333333333334,50.78333333333333,298.28333333333336,0,1,1,1,0.0140506996077513,0.1702519975414873,0,298.28333333333336,1.0,1,1761994866,1761994866,0,0,0,0,6,0,881,1,0,0,0,1,1,1,1,0,1,1,1,0
208121192,570,6,1,0.6666666666666666,0.0,0,0,0,1,0,0.7,0.6000000000000001,1,0,0,0,0.0,0,0,0,0,1,0,5596.4,15.0,5599.183333333333,0,1,1,1,0.0010721177900078,0.0026789621105458,0,5599.183333333333,1.0,1,1761993888,1761993888,0,0,0,0,6,0,881,1,0,0,0,1,1,1,1,0,1,1,1,1
208117816,570,21,3,0.9047619047619048,0.0,0,0,0,1,0,1.0,1.0,1,0,0,1,0.0,1,0,1,0,2,0,2835.95,85.98333333333333,2852.516666666667,0,1,1,1,0.0074049260388934,0.0301429731640481,0,2852.516666666667,2.0,1,1761990236,1761990236,0,0,1,0,6,0,881,1,0,0,0,1,0,1,1,1,1,1,1,1
208116798,570,19,4,0.0,0.0526315789473684,0,0,0,1,0,0.3615384615384616,0.3346153846153846,1,0,0,0,0.0,0,0,0,0,1,0,1461.5,0.65,1462.15,0,1,1,1,0.0130003421142661,0.0004445508326779,0,1462.15,1.0,1,1761989112,1761989112,0,0,0,0,5,0,881,1,0,0,0,0,1,1,1,0,1,1,1,0
208115340,570,5,1,0.0,0.0,0,0,0,1,0,0.0,0.0,0,0,0,0,0.0,0,0,0,0,1,0,1.6833333333333331,0.0,1.6833333333333331,0,1,1,1,2.9702970297029703,0.0,1,1.6833333333333331,1.0,0,1761987314,1761987314,0,0,0,0,6,0,881,1,0,1,0,0,1,1,1,0,1,1,1,1
208089061,570,15,1,1.0,0.0,0,0,0,1,0,0.0,0.0,1,0,0,0,0.0,0,0,0,0,2,0,31.2,41.16666666666666,42.2,0,1,1,1,0.4807692307692308,0.975513428120063,0,42.2,2.0,1,1761954136,1761954136,0,0,0,0,6,0,881,1,0,0,0,1,1,1,1,0,1,1,1,0
208079906,570,16,3,0.0,0.125,0,0,0,1,0,0.0,0.0,1,0,0,0,0.0,0,0,0,0,1,0,8100.1,71.61666666666666,8118.0,0,1,1,1,0.0019752842557499,0.0088219594317155,0,8118.0,1.0,1,1761945026,1761945026,0,0,1,0,6,0,881,1,0,0,0,0,1,1,1,1,1,1,1,0
208055609,570,1,1,1.0,0.0,0,0,0,1,0,0.0,0.0,1,0,0,0,0.0,0,0,0,0,1,0,16585.516666666666,34.15,16605.5,0,1,1,1,6.029356938935678e-05,0.002056547529433,0,16605.5,1.0,1,1761924990,1761924990,0,0,0,0,6,0,881,1,0,0,0,1,1,1,1,0,1,1,1,1
208037895,570,2,1,0.5,0.0,0,0,0,1,0,0.0,0.0,1,0,0,0,0.0,0,0,0,0,1,0,742.5333333333333,27.816666666666663,748.5666666666667,0,1,1,1,0.0026934817741066,0.0371599055973638,0,748.5666666666667,1.0,1,1761909867,1761909867,0,0,0,0,6,0,880,1,0,0,0,1,1,1,1,0,1,1,1,0
208313437,1172470,18,3,0.0,0.0,0,0,0,1,0,0.8,0.75,1,0,0,0,0.0,0,0,0,0,1,0,12.15,12.516666666666667,12.516666666666667,0,1,1,1,1.4814814814814814,1.0,0,12.516666666666667,1.0,0,1762175624,1762175624,0,0,1,0,6,0,2462,1,0,0,0,0,1,1,1,1,1,1,1,1
208291006,1172470,4,1,0.0,0.0,0,0,0,1,0,0.7,0.6000000000000001,1,0,0,0,0.0,0,0,0,0,3,0,1511.8666666666666,20.766666666666666,1514.0333333333333,0,1,1,1,0.0026457359555516,0.0137161224984038,0,1514.0333333333333,3.0,1,1762143770,1762143770,0,0,1,0,6,0,2461,1,0,0,0,0,1,1,1,1,1,1,1,0
208286570,1172470,12,3,0.0,0.0,0,0,0,1,0,0.7,0.6000000000000001,1,0,0,0,0.0,0,0,0,0,1,0,512.6,3.883333333333333,514.0333333333333,0,1,1,1,0.0234100663285212,0.0075546332922637,0,514.0333333333333,1.0,1,1762137792,1762137792,0,0,1,0,6,0,2461,1,0,0,0,0,1,1,1,1,1,1,1,0
208266937,1172470,6,1,1.0,0.0,0,0,0,1,0,0.0,0.0,1,0,0,0,0.0,0,0,0,0,4,0,663.75,21.266666666666666,664.6333333333333,0,1,1,1,0.0090395480225988,0.0319975926576057,0,664.6333333333333,4.0,1,1762118465,1762118465,0,0,0,0,6,0,2461,1,0,0,0,1,1,1,1,0,1,1,1,0
208216494,1172470,2,1,0.0,0.5,0,0,0,1,0,0.0,0.0,1,0,0,0,0.0,0,0,0,0,3,0,1.7,0.0,1.7,0,1,1,1,1.1764705882352942,0.0,1,1.7,3.0,0,1762082018,1762082018,0,0,0,0,6,0,2460,1,0,1,0,0,1,1,1,0,1,1,1,1
208208570,1172470,143,25,0.0069930069930069,0.0279720279720279,0,0,0,1,0,-0.2916666666666667,0.475,1,0,0,0,0.0,0,1,0,0,2,1,6.1,1.5333333333333334,7.166666666666667,0,1,1,1,23.442622950819672,0.213953488372093,0,7.166666666666667,2.0,0,1762073856,1762073856,0,0,1,0,5,0,2460,1,0,0,0,0,0,1,1,1,1,1,1,1
208208267,1172470,51,10,0.0392156862745098,0.0196078431372549,0,0,0,1,0,0.1020833333333333,0.4479166666666666,1,0,0,0,0.0,0,0,0,0,1,0,49.333333333333336,4.75,51.68333333333333,0,1,1,1,1.0337837837837838,0.09190583682683,0,51.68333333333333,1.0,1,1762073516,1762073516,0,0,1,0,5,0,2460,1,0,0,0,0,0,1,1,1,1,1,1,0
208208161,1172470,13,3,0.1538461538461538,0.0,0,0,0,1,0,0.0,0.0,0,0,0,1,0.0,1,0,0,1,5,0,324.55,0.0,324.55,0,0,1,1,0.0400554614081035,0.0,0,324.55,5.0,1,1762073388,1762073388,0,0,0,0,5,0,2460,0,0,0,1,0,1,1,1,0,1,1,1,1
208206357,1172470,3,1,0.3333333333333333,0.0,0,0,0,1,0,0.0,0.0,1,0,0,0,0.0,0,0,0,0,2,0,712.7166666666667,7.5,720.2333333333333,0,1,1,1,0.0042092463110633,0.0104132919887073,0,720.2333333333333,2.0,1,1762071255,1762071255,0,0,0,0,6,0,2460,1,0,0,0,1,1,1,1,0,1,1,1,1
208204626,1172470,144,26,0.0277777777777777,0.0,0,0,0,1,0,0.0124999999999999,0.4333333333333333,1,0,0,0,0.0,0,0,0,0,1,0,5070.733333333334,95.33333333333331,5082.8,0,1,1,1,0.0283982592918841,0.0187560662102253,0,5082.8,1.0,1,1762069242,1762069242,0,0,1,0,5,0,2460,1,0,0,0,0,0,1,1,1,1,1,1,0
208202241,1172470,88,16,0.0113636363636363,0.0113636363636363,0,0,0,1,0,-0.025,0.625,1,0,0,0,0.0,0,0,0,0,1,0,2536.6833333333334,42.56666666666667,2537.983333333333,0,1,1,1,0.0346909678648629,0.016771846413491,0,2537.983333333333,1.0,1,1762066150,1762066150,0,0,1,0,5,0,2460,1,0,0,0,0,0,1,1,1,1,1,1,0
208202008,1172470,3,1,0.0,0.0,0,0,0,1,0,-0.6999999999999998,0.6666666666666666,0,0,0,0,0.0,0,0,0,0,1,0,10.8,12.316666666666666,12.8,0,1,1,1,0.2777777777777777,0.9622395833333331,0,12.8,1.0,0,1762065867,1762065867,0,0,0,0,5,0,2460,1,0,0,0,0,1,1,1,0,1,1,1,0
208195345,1172470,1,1,1.0,0.0,0,0,0,1,0,0.0,0.0,1,0,0,0,0.0,0,0,0,0,1,0,126.2,35.1,136.28333333333333,0,1,1,1,0.0079239302694136,0.2575516693163752,0,136.28333333333333,1.0,1,1762057698,1762057698,0,0,0,0,6,0,2460,1,0,0,0,1,1,1,1,0,1,1,1,0
208194803,1172470,82,15,0.024390243902439,0.0121951219512195,0,0,0,1,0,-0.075,0.3,1,0,0,0,0.0,0,0,1,1,1,0,4.266666666666667,7.7,7.7,0,1,1,1,19.21875,1.0,0,7.7,1.0,0,1762057082,1762057082,0,0,1,0,6,0,2460,1,0,0,1,0,0,1,1,1,1,1,1,0
208194372,1172470,15,3,0.0,0.0,0,0,0,1,0,-0.4,0.4,0,0,0,0,0.0,0,0,0,0,1,0,994.8166666666668,1.0,994.95,0,1,1,1,0.0150781551039555,0.0010050756319413,0,994.95,1.0,1,1762056570,1762056570,0,0,0,0,5,0,2460,1,0,0,0,0,1,1,1,0,1,1,1,0
208188429,1172470,7,2,0.8571428571428571,0.0,0,0,0,1,0,0.3,0.2,1,0,0,0,0.0,0,0,0,0,5,0,3.9166666666666665,12.616666666666667,15.216666666666669,0,0,1,1,1.7872340425531916,0.8291347207009858,0,15.216666666666669,5.0,0,1762049824,1762049824,0,0,0,0,5,0,2460,0,0,0,0,1,1,1,1,0,1,1,1,1
208184045,1172470,9,2,0.0,0.0,0,0,0,1,0,0.78,1.0,1,0,0,0,0.0,0,0,0,0,1,0,4.266666666666667,7.566666666666666,11.8,0,1,1,1,2.109375,0.6412429378531073,0,11.8,1.0,0,1762045188,1762045188,0,0,0,0,5,0,2460,1,0,0,0,0,1,1,1,0,1,1,1,1
208182852,1172470,79,13,0.0126582278481012,0.0253164556962025,0,0,0,1,0,0.1333333333333333,0.4666666666666667,1,0,0,0,0.0,0,0,0,0,2,2,291.8,10.533333333333331,300.8,0,1,0,1,0.2707333790267306,0.0350177304964538,0,150.4,1.0,1,1762043941,1762043941,0,0,1,0,5,0,2460,1,0,0,0,0,0,1,1,1,1,1,1,0
208181515,1172470,16,1,0.0,0.0,0,0,0,1,0,0.0,0.0,1,0,0,0,0.0,0,0,0,0,2,0,412.78333333333336,0.0,412.78333333333336,0,1,1,1,0.0387612548956272,0.0,0,412.78333333333336,2.0,1,1762042583,1762042583,0,0,0,0,5,0,2460,1,0,0,0,0,1,1,1,0,1,1,1,1
208176399,1172470,1,1,0.0,0.0,0,0,0,1,0,0.0,0.0,0,0,0,0,0.0,0,0,0,0,1,0,883.6166666666667,45.2,895.0833333333334,0,1,1,1,0.0011317124695852,0.0504980914253793,0,895.0833333333334,1.0,1,1762037903,1762037915,1,0,0,0,5,0,2460,1,0,0,0,0,1,1,1,0,1,1,1,1
208167012,1172470,12,2,0.0833333333333333,0.0,0,0,0,1,0,0.2,0.575,1,0,0,0,0.0,0,0,0,0,1,0,9.066666666666666,5.016666666666667,14.1,0,1,1,1,1.3235294117647058,0.3557919621749409,0,14.1,1.0,0,1762030164,1762030164,0,0,0,0,5,0,2460,1,0,0,0,0,1,1,1,0,1,1,1,1
208165443,1172470,13,2,0.7692307692307693,0.0,0,0,0,1,0,1.0,0.3,1,0,0,0,0.0,0,0,1,0,1,0,1219.7333333333331,38.95,1225.7,0,1,1,1,0.0106580673371228,0.0317777596475483,0,1225.7,1.0,1,1762028969,1762028969,0,0,0,0,6,0,2460,1,0,0,0,1,1,1,1,0,1,1,1,0
208156293,1172470,4,1,0.0,0.0,0,0,0,1,0,0.7,0.6000000000000001,1,0,0,0,0.0,0,0,0,0,3,0,11.75,7.466666666666667,11.866666666666667,0,1,1,1,0.3404255319148936,0.6292134831460674,0,11.866666666666667,3.0,0,1762022023,1762022023,0,0,0,0,5,0,2460,1,0,0,0,0,1,1,1,0,1,1,1,0
208145490,1172470,6,1,0.0,0.0,0,0,0,1,0,0.0,0.0,1,0,0,0,0.0,0,0,0,0,2,0,101.95,31.9,104.78333333333332,0,1,1,1,0.0588523786169691,0.3044377286464132,0,104.78333333333332,2.0,1,1762014097,1762014097,0,0,0,0,5,0,2460,1,0,0,0,0,1,1,1,0,1,1,1,0
208131615,1172470,10,3,0.0,0.0,0,0,0,1,0,0.6,1.0,1,0,0,0,0.0,0,0,0,0,1,0,51.333333333333336,11.616666666666667,61.333333333333336,0,1,1,1,0.1948051948051948,0.1894021739130434,0,61.333333333333336,1.0,1,1762003647,1762003647,0,0,0,0,5,0,2460,1,0,0,0,0,1,1,1,0,1,1,1,0
208117191,1172470,3,1,0.0,0.0,0,0,0,1,0,0.0,0.0,1,0,0,0,0.0,0,0,0,0,4,0,39.93333333333333,1.4666666666666666,39.93333333333333,0,1,1,1,0.0751252086811352,0.0367278797996661,0,39.93333333333333,4.0,1,1761989568,1761989568,0,0,0,0,5,0,2459,1,0,0,0,0,1,1,1,0,1,1,1,0
208103403,1172470,3,1,0.0,1.0,3,0,0,1,0,0.0,0.0,1,0,0,0,0.0,0,0,0,0,2,0,324.96666666666664,3.75,324.96666666666664,0,1,1,1,0.0092317160734434,0.0115396450918042,0,324.96666666666664,2.0,1,1761971638,1761971638,0,0,0,0,5,0,2459,1,0,0,0,0,1,1,1,0,1,1,1,0
208100899,1172470,17,3,0.0588235294117647,0.0,0,0,0,1,0,0.0,0.0,0,0,0,0,0.0,0,0,0,0,1,0,192.35,7.35,193.41666666666663,0,1,1,1,0.0883805562776189,0.0380008616975441,0,193.41666666666663,1.0,1,1761968392,1761968392,0,0,1,0,6,0,2459,1,0,0,0,0,1,1,1,1,1,1,1,0
208093016,1172470,9,3,0.0,0.0,0,0,0,1,0,0.0,0.0,1,0,0,0,0.0,0,0,0,0,2,0,1104.4,27.25,1107.0333333333333,0,1,1,1,0.0081492212966316,0.0246153382915299,0,1107.0333333333333,2.0,1,1761958805,1761958805,0,0,0,0,5,0,2459,1,0,0,0,0,1,1,1,0,1,1,1,0
208083055,1172470,8,2,0.0,0.0,0,0,0,1,0,0.7,0.6000000000000001,1,0,0,0,0.0,0,0,0,0,1,0,387.5833333333333,2.6166666666666667,388.7,0,1,1,1,0.0206407224252848,0.0067318411800017,0,388.7,1.0,1,1761947997,1761947997,0,0,0,0,5,0,2459,1,0,0,0,0,1,1,1,0,1,1,1,0
208081625,1172470,4,1,0.25,0.0,0,0,0,1,0,0.7,0.6000000000000001,1,0,0,0,0.0,0,0,0,0,3,0,18.15,0.0,18.15,0,1,1,1,0.2203856749311294,0.0,0,18.15,3.0,0,1761946619,1761946619,0,0,0,0,5,0,2459,1,0,0,0,0,1,1,1,0,1,1,1,0
208079460,1172470,241,45,0.0248962655601659,0.0165975103734439,0,0,0,1,0,0.5488888888888889,0.6177777777777779,1,0,0,0,0.0,0,0,0,0,1,0,190.3,20.966666666666665,203.3,0,1,1,1,1.2664214398318443,0.1031316609280209,0,203.3,1.0,1,1761944645,1761944645,0,0,0,0,5,0,2459,1,0,0,1,0,0,1,1,0,1,1,1,0
208069052,1172470,2,1,0.0,0.0,0,0,0,1,0,0.0,0.0,0,0,0,0,0.0,0,0,0,0,1,0,132.01666666666668,28.35,140.11666666666667,0,1,1,1,0.015149602322939,0.20233139050791,0,140.11666666666667,1.0,1,1761935686,1761935686,0,0,0,0,5,0,2459,1,0,0,0,0,1,1,1,0,1,1,1,0
208069028,1172470,12,2,0.0,0.0,0,0,0,1,0,0.0,0.0,1,0,0,0,0.0,0,0,0,0,2,0,8.783333333333333,0.4166666666666667,8.783333333333333,0,1,1,1,1.366223908918406,0.0474383301707779,0,8.783333333333333,2.0,0,1761935664,1761935664,0,0,0,0,5,0,2459,1,0,0,0,0,1,1,1,0,1,1,1,0
208045559,1172470,7,1,0.0,0.0,0,0,0,1,0,0.6000000000000001,0.9,1,0,0,0,0.0,0,0,1,0,1,0,402.78333333333336,35.95,418.9166666666667,0,1,1,1,0.0173790706335085,0.0858165904117764,0,418.9166666666667,1.0,1,1761917028,1761917028,0,0,0,0,5,0,2459,1,0,0,0,0,1,1,1,0,1,1,1,0
208025236,1172470,4,1,1.0,0.0,0,0,0,1,0,0.6,1.0,1,0,0,0,0.0,0,0,0,0,2,0,50.18333333333333,7.85,52.95,0,1,1,1,0.0797077382929259,0.1482530689329556,0,52.95,2.0,1,1761894092,1761894092,0,0,0,0,6,0,2458,1,0,0,0,1,1,1,1,0,1,1,1,0
208020143,1172470,14,3,0.0,0.0,0,0,0,1,0,0.0,0.0,0,0,0,0,0.0,0,0,0,0,1,0,11.1,8.283333333333333,12.55,0,1,1,1,1.2612612612612613,0.6600265604249668,0,12.55,1.0,0,1761886846,1761886846,0,0,0,0,5,0,2458,1,0,0,0,0,1,1,1,0,1,1,1,1
208019070,1172470,1,1,1.0,0.0,0,0,0,1,0,0.0,0.0,1,0,0,0,0.0,0,0,0,0,7,0,105.46666666666668,50.96666666666667,126.01666666666668,0,0,1,1,0.0094816687737041,0.4044438566327205,0,126.01666666666668,7.0,1,1761885464,1761885464,0,0,0,0,5,0,2458,0,0,0,0,1,1,1,1,0,1,1,1,1
208017752,1172470,472,93,0.0148305084745762,0.0063559322033898,0,0,0,1,0,-0.1901785714285714,0.4714285714285715,1,0,0,0,0.0,0,1,1,1,1,0,932.6666666666666,15.9,942.5666666666668,0,1,1,1,0.5060757684060043,0.0168688333274392,0,942.5666666666668,1.0,1,1761883717,1761883717,0,0,0,0,5,0,2458,1,0,0,1,0,0,1,1,0,1,1,1,0
208002577,1172470,2,1,1.0,0.0,0,0,0,1,0,0.0,0.0,1,0,0,0,0.0,0,0,0,0,2,23,66.68333333333334,0.0,66.68333333333334,0,1,0,0,0.0299925018745313,0.0,0,2.8992753623188405,0.0869565217391304,1,1761867026,1761867026,0,0,0,0,5,0,2458,1,0,0,0,1,1,0,1,0,1,1,1,0
208001578,1172470,87,19,0.0,0.0114942528735632,0,0,0,1,0,0.0999999999999999,0.7,0,0,0,1,0.0,1,0,0,0,2,0,0.9833333333333332,0.0,0.9833333333333332,0,1,1,1,88.47457627118645,0.0,1,0.9833333333333332,2.0,0,1761866074,1761866074,0,0,0,0,6,0,2458,1,1,1,0,0,0,1,1,0,1,1,1,1
207998912,1172470,3,1,0.0,0.0,0,0,0,1,0,0.0,0.0,1,0,0,0,0.0,0,0,0,0,1,0,324.45,14.133333333333333,328.18333333333334,0,1,1,1,0.0092464170134073,0.0430653598090498,0,328.18333333333334,1.0,1,1761863624,1761863624,0,0,0,0,5,0,2458,1,0,0,0,0,1,1,1,0,1,1,1,0
207993727,1172470,2,1,0.0,0.0,0,0,0,1,0,0.0,0.0,1,0,0,0,0.0,0,0,0,0,1,0,110.61666666666666,56.4,131.63333333333333,0,1,1,1,0.0180804580382703,0.4284629020005064,0,131.63333333333333,1.0,1,1761859215,1761859215,0,0,0,0,5,0,2458,1,0,0,0,0,1,1,1,0,1,1,1,1
207990781,1172470,6,1,0.0,0.0,0,0,0,1,0,0.0,0.0,0,0,0,0,0.0,0,0,0,0,1,1,1000.5333333333332,28.933333333333334,1011.4666666666668,0,1,1,1,0.0059968017057569,0.028605325599789,0,1011.4666666666668,1.0,1,1761856882,1761856882,0,0,0,0,5,0,2458,1,0,0,0,0,1,1,1,0,1,1,1,0
207860593,1172470,1,1,1.0,0.0,0,0,0,1,0,0.0,0.0,1,0,0,0,0.0,0,0,0,0,3,0,151.2,17.383333333333333,161.55,0,1,1,1,0.0066137566137566,0.1076034251521716,0,161.55,3.0,1,1761732142,1761732142,0,0,0,0,6,0,2456,1,0,0,0,1,1,1,1,0,1,1,1,0
208330537,252490,1,1,1.0,0.0,0,0,0,1,0,0.0,0.0,1,0,0,0,0.0,0,0,0,0,6,0,146.71666666666667,33.45,153.01666666666668,0,0,1,1,0.0068158582301488,0.2186036379479359,0,153.01666666666668,6.0,1,1762190987,1762190987,0,0,0,0,5,0,2528,0,0,0,0,1,1,1,1,0,1,1,1,0
208324296,252490,3,1,0.0,0.0,0,0,0,1,0,0.0,0.0,1,0,0,0,0.0,0,0,0,0,2,3,0.5,0.5,0.5,0,1,0,1,6.0,1.0,1,0.1666666666666666,0.6666666666666666,0,1762185531,1762185531,0,1,0,0,5,0,2528,1,1,1,0,0,1,0,1,0,0,0,1,1
208311640,252490,86,14,0.0813953488372093,0.0,0,0,0,1,0,0.0,0.0,0,0,0,0,0.0,0,0,0,0,17,0,0.4333333333333333,0.0,0.4333333333333333,0,0,1,0,198.46153846153845,0.0,1,0.4333333333333333,17.0,0,1762173681,1762173681,0,0,0,0,5,0,2527,0,1,1,0,0,0,1,1,0,1,1,1,0
208277195,252490,10,2,0.0,0.1,0,0,0,1,0,0.0,0.0,1,0,0,0,0.0,0,0,0,0,1,8,0.7333333333333333,0.7333333333333333,0.7333333333333333,0,1,0,0,13.636363636363637,1.0,1,0.0916666666666666,0.125,0,1762127091,1762127091,0,0,0,0,6,0,2527,1,1,1,0,0,1,0,1,0,1,1,1,1
208268116,252490,3,1,0.0,0.0,0,0,0,1,0,0.0,0.0,1,0,0,0,0.0,0,0,0,0,1,0,81.38333333333334,17.466666666666665,84.41666666666667,0,1,1,1,0.036862584476756,0.2069101678183612,0,84.41666666666667,1.0,1,1762119321,1762119321,0,0,0,0,5,0,2527,1,0,0,0,0,1,1,1,0,1,1,1,0
208217772,252490,6,2,0.0,0.0,0,0,0,1,0,0.3,0.2,1,0,0,0,0.0,0,0,0,0,1,0,26.95,37.41666666666666,37.41666666666666,0,1,1,1,0.222634508348794,1.0,0,37.41666666666666,1.0,1,1762083214,1762083214,0,1,1,0,5,0,2526,1,0,0,0,0,1,1,1,1,0,1,1,0
208216631,252490,3,1,1.0,0.0,0,0,0,1,0,0.0,0.0,1,0,0,0,0.0,0,0,0,0,1,0,5.883333333333334,5.05,5.933333333333334,0,1,1,1,0.509915014164306,0.8511235955056179,0,5.933333333333334,1.0,0,1762082142,1762082142,0,1,0,0,5,0,2526,1,0,0,0,1,1,1,1,0,0,0,1,1
208207493,252490,2,1,0.5,0.0,0,0,0,1,0,0.0,0.0,1,0,0,0,0.0,0,0,0,0,1,2,1017.4166666666666,39.65,1019.25,0,1,0,1,0.0019657629617495,0.0389011528084375,0,509.625,0.5,1,1762072591,1762072591,0,1,0,0,5,0,2526,1,0,0,0,1,1,1,1,0,0,0,1,1
208183057,252490,5,1,0.0,0.0,0,0,0,1,0,0.3,0.2,1,0,0,0,0.0,0,0,0,0,4,0,401.51666666666665,0.55,401.51666666666665,0,1,1,1,0.0124527831970445,0.0013698061516748,0,401.51666666666665,4.0,1,1762044155,1762044155,0,0,1,0,6,0,2526,1,0,0,0,0,1,1,1,1,1,1,1,0
208182711,252490,3,1,1.0,0.0,0,0,0,1,0,0.0,0.0,1,0,0,0,0.0,0,0,0,0,4,0,347.68333333333334,16.566666666666666,364.1666666666667,0,1,1,1,0.0086285412971573,0.0454919908466819,0,364.1666666666667,4.0,1,1762043780,1762043780,0,1,0,0,5,0,2526,1,0,0,0,1,1,1,1,0,0,0,1,0
208176341,252490,723,133,0.0082987551867219,0.0276625172890733,0,0,0,2,0,-0.0866310160427807,0.5203208556149733,0,0,0,0,0.0,0,0,0,1,2,0,0.5666666666666667,0.0,0.5666666666666667,0,1,1,1,1275.8823529411766,0.0,1,0.5666666666666667,2.0,0,1762037838,1762037838,0,1,1,0,6,0,2526,1,1,1,0,0,0,1,1,1,0,1,1,1
208172524,252490,2,1,0.0,0.5,0,0,0,1,0,0.5,1.0,1,0,0,0,0.0,0,0,0,0,2,0,20.883333333333333,0.0,20.883333333333333,0,1,1,1,0.0957701516360734,0.0,0,20.883333333333333,2.0,1,1762034625,1762034625,0,0,0,0,5,0,2526,1,0,0,0,0,1,1,1,0,1,1,1,1
208156710,252490,11,2,0.1818181818181818,0.0909090909090909,1,0,0,1,0,0.15,0.575,1,0,0,0,0.0,0,0,0,0,1,0,342.96666666666664,26.5,358.6333333333333,0,1,1,1,0.032073087763631,0.0738916256157635,0,358.6333333333333,1.0,1,1762022336,1762022336,0,0,0,0,5,0,2526,1,0,0,0,0,1,1,1,0,1,1,1,0
208148343,252490,88,15,0.0227272727272727,0.034090909090909,0,0,0,2,0,0.0,0.0,1,0,0,0,0.0,0,0,0,0,2,0,0.1166666666666666,9.016666666666667,9.016666666666667,0,1,1,1,754.2857142857142,1.0,1,9.016666666666667,2.0,0,1762016248,1762016248,0,1,0,0,5,0,2526,1,1,1,0,0,0,1,1,0,0,0,1,1
208122970,252490,13,3,0.0,0.0,0,0,0,1,0,0.3,0.35,1,0,0,0,0.0,0,0,1,0,1,2,872.1833333333333,70.56666666666666,879.0833333333334,0,1,0,1,0.0149051231583573,0.0802730116598729,0,439.5416666666667,0.5,1,1761995776,1761995776,0,1,1,0,5,0,2525,1,0,0,0,0,1,1,1,1,0,1,1,0
208120585,252490,6,2,0.1666666666666666,0.0,0,0,0,1,0,-0.4,0.4,1,0,0,0,0.0,0,1,0,0,1,1,1000.5666666666668,62.98333333333333,1021.1333333333332,0,1,1,1,0.0059966019255755,0.0616798328654436,0,1021.1333333333332,1.0,1,1761993286,1761993286,0,0,0,0,5,0,2525,1,0,0,0,0,1,1,1,0,1,1,1,0
208114658,252490,5,1,0.0,0.0,0,0,0,1,0,0.7,0.6000000000000001,1,0,0,0,0.0,0,0,0,0,1,0,0.0833333333333333,0.2333333333333333,0.2333333333333333,0,1,1,1,50.0,1.0,1,0.2333333333333333,1.0,0,1761986483,1761986483,0,1,1,0,7,0,2525,1,1,1,0,0,1,1,1,1,0,1,1,1
208098947,252490,3,1,0.3333333333333333,0.0,0,0,0,1,0,0.3,0.2,1,0,0,0,0.0,0,0,0,0,2,0,411.76666666666665,11.516666666666667,416.8666666666667,0,1,1,1,0.0072856795920019,0.0276267391652007,0,416.8666666666667,2.0,1,1761965970,1761965970,0,1,0,0,5,0,2525,1,0,0,0,1,1,1,1,0,0,0,1,0
208098634,1623730,8,1,0.875,0.0,0,0,0,1,0,0.0,0.0,1,0,0,0,0.0,0,0,0,0,2,0,3.25,1.6,3.25,0,1,1,1,2.4615384615384617,0.4923076923076923,0,3.25,2.0,0,1761965572,1761965572,0,1,0,1,5,0,650,1,0,0,0,1,1,1,1,0,0,0,1,1
208089997,1623730,55,12,0.0,0.0,0,0,0,1,0,0.6,1.0,1,0,0,0,0.0,0,0,1,1,3,0,1.5,0.0166666666666666,1.5333333333333334,0,1,1,1,36.66666666666666,0.0108695652173913,1,1.5333333333333334,3.0,0,1761955186,1761955186,0,1,0,1,5,0,650,1,0,1,1,0,0,1,1,0,0,0,1,1
208028977,1623730,13,3,0.0,0.0,0,0,0,1,0,0.3,0.2,1,0,0,0,0.0,0,0,0,0,5,0,6.083333333333333,10.7,10.7,0,0,1,1,2.136986301369863,1.0,0,10.7,5.0,0,1761899481,1761899481,0,0,1,1,5,0,649,0,0,0,0,0,1,1,1,1,1,1,1,1
208004381,1623730,50,9,0.04,0.06,0,0,0,1,0,0.4666666666666666,0.2333333333333333,1,0,0,0,0.0,0,0,0,0,1,0,156.56666666666666,0.0,156.56666666666666,0,1,1,1,0.3193527783691718,0.0,0,156.56666666666666,1.0,1,1761868764,1761868764,0,0,1,1,5,0,649,1,0,0,0,0,0,1,1,1,1,1,1,0
207844538,1623730,6,2,0.0,0.0,0,0,0,1,0,0.3,0.2,1,0,0,0,0.0,0,0,0,0,1,0,13.866666666666667,39.35,39.35,0,1,1,1,0.4326923076923076,1.0,0,39.35,1.0,0,1761708007,1761708007,0,0,0,1,5,0,647,1,0,0,0,0,1,1,1,0,1,1,1,0
208360841,1938090,6,2,0.0,0.0,0,0,0,1,0,0.3,0.2,1,0,0,0,0.0,0,0,0,0,1,0,15.05,5.05,15.1,0,1,1,1,0.3986710963455149,0.3344370860927152,0,15.1,1.0,0,1762220949,1762220949,0,0,1,0,6,0,1100,1,0,0,0,0,1,1,1,1,1,1,1,0
208360302,1938090,11,3,0.0,0.0,0,0,0,1,0,0.3,0.2,1,0,0,0,0.0,0,0,0,0,1,0,62.48333333333333,0.5333333333333333,63.016666666666666,0,1,1,1,0.1760469458522272,0.0084633694789738,0,63.016666666666666,1.0,1,1762220209,1762220209,0,0,1,0,6,0,1100,1,0,0,0,0,1,1,1,1,1,1,1,0
208349643,1938090,1,1,1.0,0.0,0,0,0,1,0,0.0,0.0,1,0,0,0,0.0,0,0,0,0,1,0,17.383333333333333,1.0333333333333334,17.383333333333333,0,1,1,1,0.0575263662511984,0.059443911792905,0,17.383333333333333,1.0,0,1762207859,1762207859,0,0,0,0,6,0,1100,1,0,0,0,1,1,1,1,0,1,1,1,1
208347136,1938090,3,1,0.0,0.0,0,0,0,1,0,0.0,0.0,1,0,0,0,0.0,0,0,0,0,1,0,96.16666666666669,65.75,99.66666666666669,0,1,1,1,0.0311958405545927,0.6596989966555183,0,99.66666666666669,1.0,1,1762205374,1762205374,0,0,0,0,5,0,1100,1,0,0,0,0,1,1,1,0,1,1,1,0
208295220,1938090,8,2,0.0,0.0,0,0,0,1,0,0.39,0.26,1,0,0,0,0.0,0,0,0,0,2,0,124.63333333333334,2.6,124.63333333333334,0,1,1,1,0.064188285637871,0.0208611928323081,0,124.63333333333334,2.0,1,1762150297,1762150297,0,0,0,0,5,0,1099,1,0,0,0,0,1,1,1,0,1,1,1,0
208284028,1938090,7,2,0.8571428571428571,0.0,0,0,0,1,0,0.5,0.6,1,0,0,0,0.0,0,0,0,0,1,0,39.05,42.5,42.5,0,1,1,1,0.1792573623559539,1.0,0,42.5,1.0,1,1762134661,1762134661,0,0,0,0,6,0,1099,1,0,0,0,1,1,1,1,0,1,1,1,0
208271966,1938090,11,3,0.0,0.0,0,0,0,1,0,-0.625,1.0,1,0,0,0,0.0,0,1,0,0,3,0,124.2,70.0,126.41666666666669,0,1,1,1,0.0885668276972624,0.5537244561634805,0,126.41666666666669,3.0,1,1762122274,1762122274,0,0,1,0,6,0,1099,1,0,0,0,0,1,1,1,1,1,1,1,0
208266941,1938090,3,1,1.0,0.0,0,0,0,1,0,0.3,0.2,1,0,0,0,0.0,0,0,0,0,2,0,10.016666666666667,0.9833333333333332,11.0,0,1,1,1,0.2995008319467553,0.0893939393939393,0,11.0,2.0,0,1762118468,1762118468,0,0,0,0,6,0,1099,1,0,0,0,1,1,1,1,0,1,1,1,0
208258589,1938090,36,6,0.0,0.0,0,0,0,1,0,0.55,0.7,1,0,0,0,0.0,0,0,1,0,1,0,10.666666666666666,0.0333333333333333,10.683333333333334,0,1,1,1,3.375,0.0031201248049921,0,10.683333333333334,1.0,0,1762112798,1762112798,0,0,1,0,5,0,1099,1,0,0,0,0,0,1,1,1,1,1,1,0
208258444,1938090,11,2,0.1818181818181818,0.0909090909090909,0,0,0,1,0,0.8,0.75,1,0,0,0,0.0,0,0,0,0,1,0,17.433333333333334,3.1333333333333333,20.58333333333333,0,1,1,1,0.6309751434034416,0.1522267206477733,0,20.58333333333333,1.0,0,1762112717,1762112717,0,0,0,0,5,0,1099,1,0,0,0,0,1,1,1,0,1,1,1,0
208256502,1938090,22,4,0.0,0.0,0,0,0,1,0,0.0,0.0,0,0,0,0,0.0,0,0,0,0,1,0,3.75,1.1833333333333331,4.95,0,1,1,1,5.866666666666666,0.239057239057239,0,4.95,1.0,0,1762111553,1762111553,0,0,1,0,5,0,1099,1,0,0,0,0,0,1,1,1,1,1,1,1
208254057,1938090,10,2,0.6,0.1,0,1,0,1,0,0.7,0.6000000000000001,1,0,0,0,0.0,0,0,0,0,10,0,3.2,2.583333333333333,3.2666666666666666,0,0,1,0,3.125,0.7908163265306123,0,3.2666666666666666,10.0,0,1762110190,1762110190,0,0,0,0,5,0,1099,0,0,0,0,1,1,1,1,0,1,1,1,1
208253789,1938090,1,1,0.0,0.0,0,0,0,1,0,0.0,0.0,1,0,0,0,0.0,0,0,0,0,4,0,9.066666666666666,15.9,17.166666666666668,0,1,1,1,0.1102941176470588,0.9262135922330096,0,17.166666666666668,4.0,0,1762110054,1762110054,0,0,0,0,5,0,1099,1,0,0,0,0,1,1,1,0,1,1,1,1
208251505,1938090,14,2,0.8571428571428571,0.0714285714285714,1,0,0,1,0,-0.5,0.4,1,0,0,0,0.0,0,1,0,0,1,0,18.116666666666667,18.133333333333333,18.116666666666667,0,1,1,1,0.7727690892364305,1.0009199632014718,0,18.116666666666667,1.0,0,1762109015,1762109015,0,0,0,0,6,0,1099,1,0,0,0,1,1,1,1,0,1,1,1,0
208235061,1938090,1,1,0.0,1.0,0,0,0,1,0,0.0,0.0,1,0,0,0,0.0,0,0,0,0,1,0,48.81666666666667,25.5,49.95,0,1,1,1,0.0204848071013997,0.5105105105105104,0,49.95,1.0,1,1762097141,1762097141,0,0,1,0,6,0,1099,1,0,0,0,0,1,1,1,1,1,1,1,1
208229641,1938090,9,2,0.0,0.0,0,0,0,1,0,0.1499999999999999,0.5,1,0,0,0,0.0,0,0,0,0,1,0,36.65,36.98333333333333,40.56666666666667,0,1,1,1,0.2455661664392906,0.9116680361544782,0,40.56666666666667,1.0,1,1762093112,1762093112,0,0,0,0,5,0,1099,1,0,0,0,0,1,1,1,0,1,1,1,0
208226586,1938090,2,1,1.0,0.0,0,0,0,1,0,0.0,0.0,1,0,0,0,0.0,0,0,0,0,3,8,3.183333333333333,3.183333333333333,3.183333333333333,0,1,0,0,0.6282722513089005,1.0,0,0.3979166666666666,0.375,0,1762090769,1762090769,0,0,0,0,5,0,1099,1,0,0,0,1,1,0,1,0,1,1,1,1
208218449,1938090,6,1,0.0,0.0,0,0,0,1,0,0.7,0.6000000000000001,1,0,0,0,0.0,0,0,0,0,2,0,118.11666666666666,41.766666666666666,120.76666666666668,0,1,1,1,0.0507972343727952,0.3458459839911675,0,120.76666666666668,2.0,1,1762083866,1762083866,0,0,0,0,5,0,1098,1,0,0,0,0,1,1,1,0,1,1,1,0
208213736,1938090,4,1,1.0,0.0,0,0,0,1,0,0.6,1.0,1,0,0,0,0.0,0,0,0,0,1,0,0.5333333333333333,0.5333333333333333,0.5333333333333333,0,1,1,1,7.5,1.0,1,0.5333333333333333,1.0,0,1762079474,1762079474,0,0,0,0,8,0,1098,1,1,1,0,1,1,1,1,0,1,1,1,1
208195396,1938090,16,3,0.875,0.0,0,0,0,1,0,0.0,0.0,1,0,0,0,0.0,0,0,0,0,1,0,14.766666666666667,15.083333333333334,20.266666666666666,0,1,1,1,1.0835214446952597,0.7442434210526316,0,20.266666666666666,1.0,0,1762057759,1762057759,0,1,1,0,6,0,1098,1,0,0,0,1,1,1,1,1,0,1,1,1
208194292,1938090,2,1,0.0,0.0,0,0,0,1,0,0.0,0.0,1,0,0,0,0.0,0,0,0,0,1,0,13.183333333333334,15.716666666666669,15.716666666666669,0,1,1,1,0.1517067003792667,1.0,0,15.716666666666669,1.0,0,1762056453,1762056453,0,0,0,0,5,0,1098,1,0,0,0,0,1,1,1,0,1,1,1,1
208181871,1938090,4,1,0.0,0.0,0,0,0,1,0,0.0,0.0,1,0,0,0,0.0,0,0,0,0,3,0,37.56666666666667,0.0833333333333333,37.65,0,1,1,1,0.1064773735581188,0.0022133687472332,0,37.65,3.0,1,1762042910,1762042910,0,0,0,0,5,0,1098,1,0,0,0,0,1,1,1,0,1,1,1,0
208168480,1938090,148,33,0.722972972972973,0.0,0,0,0,1,0,0.0,0.0,0,0,0,0,0.0,0,0,0,0,2,0,0.4833333333333333,0.0,0.4833333333333333,0,1,1,1,306.2068965517241,0.0,1,0.4833333333333333,2.0,0,1762031354,1762031354,0,0,0,0,7,0,1098,1,1,1,0,1,0,1,1,0,1,1,1,1
208165900,1938090,7,2,0.0,0.0,0,0,0,1,0,0.0,0.0,1,0,0,0,0.0,0,0,0,0,1,0,73.58333333333333,24.933333333333334,87.35,0,1,1,1,0.0951302378255945,0.2854417095974051,0,87.35,1.0,1,1762029323,1762029323,0,0,0,0,5,0,1098,1,0,0,0,0,1,1,1,0,1,1,1,0
208162283,1938090,15,4,0.0,0.0,0,0,0,1,0,0.1499999999999999,0.5,1,0,0,0,0.0,0,0,0,0,2,4,35.5,47.25,47.68333333333333,0,1,0,1,0.4225352112676056,0.9909122684376092,0,11.920833333333333,0.5,1,1762026573,1762026573,0,0,1,0,5,0,1098,1,0,0,0,0,1,0,1,1,1,1,1,0
208160389,1938090,18,4,0.0,0.0,0,0,0,1,0,0.0,0.0,1,0,0,0,0.0,0,0,0,0,4,0,38.91666666666666,39.46666666666667,47.28333333333333,0,1,1,1,0.4625267665952891,0.834684525907649,0,47.28333333333333,4.0,1,1762025170,1762025170,0,0,0,0,5,0,1098,1,0,0,0,0,1,1,1,0,1,1,1,0
208156743,1938090,17,4,0.2352941176470588,0.0,0,0,0,1,0,-0.4,0.4,1,0,0,0,0.0,0,1,0,0,1,0,7.683333333333334,9.45,9.45,0,1,1,1,2.212581344902386,1.0,0,9.45,1.0,0,1762022358,1762022358,0,0,0,0,5,0,1098,1,0,0,0,0,1,1,1,0,1,1,1,1
208154241,1938090,5,1,0.2,0.0,0,0,0,1,0,0.8,0.75,1,0,0,0,0.0,0,0,0,0,1,0,10.116666666666667,14.783333333333331,15.15,0,1,1,1,0.4942339373970346,0.9757975797579758,0,15.15,1.0,0,1762020541,1762020541,0,0,0,0,5,0,1098,1,0,0,0,0,1,1,1,0,1,1,1,1
208151961,1938090,30,5,0.0,0.0,0,0,0,1,0,-0.3,0.6000000000000001,0,0,0,0,0.0,0,0,0,0,2,16,0.1166666666666666,0.1166666666666666,0.1166666666666666,0,1,0,0,257.1428571428571,1.0,1,0.0072916666666666,0.125,0,1762018865,1762018865,0,0,0,0,5,0,1098,1,1,1,0,0,0,0,1,0,1,1,1,1
208149012,1938090,9,2,0.0,0.0,0,0,0,1,0,0.0999999999999999,0.7,1,0,0,0,0.0,0,0,0,0,1,0,40.66666666666666,12.633333333333333,45.05,0,1,1,1,0.2213114754098361,0.2804291527931927,0,45.05,1.0,1,1762016710,1762016710,0,0,0,0,5,0,1098,1,0,0,0,0,1,1,1,0,1,1,1,0
208148730,1938090,1,1,0.0,0.0,0,0,0,1,0,0.0,0.0,1,0,0,0,0.0,0,0,0,0,1,0,12.1,6.966666666666667,15.766666666666667,0,1,1,1,0.0826446280991735,0.4418604651162791,0,15.766666666666667,1.0,0,1762016520,1762016520,0,0,0,0,5,0,1098,1,0,0,0,0,1,1,1,0,1,1,1,1
208147488,1938090,16,3,0.0,0.0,0,0,0,1,0,0.3,0.2,1,0,0,0,0.0,0,0,0,0,1,0,407.1333333333333,86.5,408.6333333333333,0,1,1,1,0.039299164892746,0.2116812138021045,0,408.6333333333333,1.0,1,1762015598,1762015598,0,0,0,0,5,0,1098,1,0,0,0,0,1,1,1,0,1,1,1,0
208144399,1938090,24,4,0.0,0.0,0,0,0,1,0,0.0,0.0,1,0,0,0,0.0,0,0,0,0,1,0,17.466666666666665,37.23333333333333,37.23333333333333,0,1,1,1,1.3740458015267176,1.0,0,37.23333333333333,1.0,0,1762013332,1762013332,0,0,1,0,5,0,1098,1,0,0,0,0,0,1,1,1,1,1,1,1
208142918,1938090,139,20,0.079136690647482,0.0287769784172661,0,0,0,1,0,-0.1,0.1,1,0,0,0,0.0,0,0,0,0,20,0,0.4333333333333333,1.7,1.9,0,0,1,0,320.7692307692308,0.8947368421052632,1,1.9,20.0,0,1762012264,1762012264,0,0,0,0,5,0,1098,0,1,1,0,0,0,1,1,0,1,1,1,1
208136863,1938090,15,3,0.0,0.0,0,0,0,1,0,-0.3,0.6000000000000001,0,0,0,0,0.0,0,0,0,0,1,0,4.766666666666667,4.05,6.583333333333333,0,1,1,1,3.146853146853147,0.6151898734177215,0,6.583333333333333,1.0,0,1762007784,1762007784,0,0,0,0,5,0,1098,1,0,0,0,0,1,1,1,0,1,1,1,1
208124026,1938090,8,2,0.0,0.0,0,0,0,1,0,0.0,0.0,1,0,0,0,0.0,0,0,0,0,1,0,35.46666666666667,36.2,44.41666666666666,0,1,1,1,0.225563909774436,0.8150093808630395,0,44.41666666666666,1.0,1,1761996838,1761996838,0,0,0,0,5,0,1097,1,0,0,0,0,1,1,1,0,1,1,1,0
208123698,1938090,3,1,0.0,0.0,0,0,0,1,0,-0.6999999999999998,0.6666666666666666,0,0,0,0,0.0,0,0,0,0,3,0,4.083333333333333,0.0333333333333333,4.083333333333333,0,1,1,1,0.7346938775510204,0.0081632653061224,0,4.083333333333333,3.0,0,1761996523,1761996523,0,0,0,0,5,0,1097,1,0,0,0,0,1,1,1,0,1,1,1,1
208120341,1938090,3,1,0.0,0.0,0,0,0,1,0,0.3,0.2,1,0,0,0,0.0,0,0,0,0,1,0,5.633333333333334,0.1,5.683333333333334,0,1,1,1,0.5325443786982248,0.0175953079178885,0,5.683333333333334,1.0,0,1761993001,1761993001,0,0,0,0,5,0,1097,1,0,0,0,0,1,1,1,0,1,1,1,1
208117717,1938090,10,3,0.1,0.0,0,0,0,1,0,0.0,0.0,0,0,0,0,0.0,0,0,0,0,1,0,10.783333333333331,7.666666666666667,11.433333333333334,0,1,1,1,0.927357032457496,0.6705539358600583,0,11.433333333333334,1.0,0,1761990131,1761990131,0,0,0,0,5,0,1097,1,0,0,0,0,1,1,1,0,1,1,1,0
208112057,1938090,13,3,0.1538461538461538,0.0,0,0,0,1,0,0.0,0.0,1,0,0,0,0.0,0,0,0,0,72,0,3480.25,85.18333333333334,3516.55,0,0,1,0,0.0037353638388046,0.0242235524401283,0,3516.55,72.0,1,1761983152,1761983152,0,0,1,0,5,0,1097,0,0,0,0,0,1,1,1,1,1,1,1,0
208093162,1938090,20,4,0.7,0.15,3,0,0,1,0,-0.3953125,0.6000000000000001,0,0,0,0,0.0,0,0,0,0,1,0,195.6,21.933333333333334,208.8,0,1,1,1,0.1022494887525562,0.105044699872286,0,208.8,1.0,1,1761958989,1761958989,0,0,1,0,6,0,1097,1,0,0,0,1,0,1,1,1,1,1,1,0
208092396,1938090,136,23,0.0,0.0,0,0,0,1,0,-0.4666666666666666,0.7333333333333334,0,0,0,0,0.0,0,0,0,0,2,0,0.45,0.1833333333333333,0.45,0,1,1,1,302.22222222222223,0.4074074074074074,1,0.45,2.0,0,1761958058,1761958058,0,0,0,0,6,0,1097,1,1,1,0,0,0,1,1,0,1,1,1,1
208083670,1938090,14,3,0.0,0.0,0,0,0,1,0,-0.4,0.4,1,0,0,0,0.0,0,1,0,0,1,0,171.51666666666668,69.71666666666667,175.38333333333333,0,1,1,1,0.0816247206296764,0.3975102157179512,0,175.38333333333333,1.0,1,1761948589,1761948589,0,0,1,0,6,0,1097,1,0,0,0,0,1,1,1,1,1,1,1,0
208080326,1938090,2,1,0.0,0.0,0,0,0,1,0,0.0,0.0,0,0,0,0,0.0,0,0,0,0,1,0,34.21666666666667,1.3666666666666667,34.75,0,1,1,1,0.0584510472479298,0.0393285371702637,0,34.75,1.0,1,1761945398,1761945398,0,0,0,0,5,0,1097,1,0,0,0,0,1,1,1,0,1,1,1,0
208076376,1938090,26,6,0.8076923076923077,0.0,0,0,0,1,0,0.3,0.35,1,0,0,0,0.0,0,0,1,0,1,0,29.133333333333333,54.083333333333336,54.083333333333336,0,1,1,1,0.8924485125858124,1.0,0,54.083333333333336,1.0,1,1761942051,1761942051,0,0,0,0,5,0,1097,1,0,0,0,1,0,1,1,0,1,1,1,0
208059602,1938090,13,3,0.0,0.0,0,0,0,1,0,0.0,0.0,1,0,0,0,0.0,0,0,0,0,2,0,30.08333333333333,4.95,32.6,0,1,1,1,0.4321329639889197,0.151840490797546,0,32.6,2.0,1,1761928058,1761928058,0,0,0,0,5,0,1097,1,0,0,0,0,1,1,1,0,1,1,1,0
208058022,1938090,19,1,0.0,0.0,0,0,0,1,0,0.0,0.0,0,0,0,0,0.0,0,0,0,0,1,0,3.3,3.3,3.3,0,1,1,1,5.757575757575758,1.0,0,3.3,1.0,0,1761926852,1761926852,0,0,0,0,5,0,1097,1,0,0,0,0,1,1,1,0,1,1,1,1
208051660,1938090,16,4,0.0625,0.0,0,0,0,1,0,0.2333333333333333,0.5666666666666667,1,0,0,0,0.0,0,0,1,0,1,0,1.0166666666666666,1.6833333333333331,1.6833333333333331,0,1,1,1,15.737704918032788,1.0,1,1.6833333333333331,1.0,0,1761921947,1761921947,0,0,0,0,6,0,1097,1,0,1,0,0,1,1,1,0,1,1,1,1
208051621,1938090,16,4,0.0,0.0,0,0,0,1,0,0.0,0.0,0,0,0,0,0.0,0,0,0,0,3,0,14.816666666666666,4.316666666666666,16.716666666666665,0,1,1,1,1.079865016872891,0.2582253240279162,0,16.716666666666665,3.0,0,1761921917,1761921917,0,0,0,0,5,0,1097,1,0,0,0,0,1,1,1,0,1,1,1,0
208037897,1938090,17,3,0.0588235294117647,0.0,0,0,0,1,0,0.2,0.575,1,0,0,0,0.0,0,0,0,0,1,0,17.533333333333335,25.5,25.5,0,1,1,1,0.9695817490494296,1.0,0,25.5,1.0,0,1761909867,1761909867,0,0,0,0,5,0,1096,1,0,0,0,0,1,1,1,0,1,1,1,0
208029408,1938090,4,1,0.0,0.0,0,0,0,1,0,0.7,0.6000000000000001,1,0,0,0,0.0,0,0,0,0,2,0,65.0,30.1,76.06666666666666,0,1,1,1,0.0615384615384615,0.3957055214723927,0,76.06666666666666,2.0,1,1761900064,1761900064,0,0,0,0,5,0,1096,1,0,0,0,0,1,1,1,0,1,1,1,0
208004171,1938090,18,4,0.0,0.0,0,0,0,1,0,-0.3125,0.6875,1,0,0,0,0.0,0,1,0,0,1,0,1.5666666666666669,0.0,1.5666666666666669,0,1,1,1,11.48936170212766,0.0,1,1.5666666666666669,1.0,0,1761868526,1761868526,0,1,0,0,5,0,1096,1,0,1,0,0,1,1,1,0,0,0,1,1
207999926,1938090,1,1,0.0,0.0,0,0,0,1,0,0.0,0.0,0,0,0,0,0.0,0,0,0,0,1,0,14.783333333333331,0.0,14.783333333333331,0,1,1,1,0.0676437429537767,0.0,0,14.783333333333331,1.0,0,1761864588,1761864588,0,0,0,0,5,0,1096,1,0,0,0,0,1,1,1,0,1,1,1,1
207998444,1938090,207,45,0.0483091787439613,0.0096618357487922,0,0,0,1,0,0.2872222222222222,0.6357407407407408,1,0,0,0,0.0,0,0,0,0,4,0,3.083333333333333,7.533333333333333,7.533333333333333,0,1,1,1,67.13513513513513,1.0,0,7.533333333333333,4.0,0,1761863182,1761863182,0,0,1,0,5,0,1096,1,0,0,0,0,0,1,1,1,1,1,1,0
207998169,1938090,4,1,0.0,0.0,0,0,0,1,0,0.7,0.6000000000000001,1,0,0,0,0.0,0,0,0,0,2,0,139.43333333333334,116.4,155.63333333333333,0,1,1,1,0.0286875448242887,0.7479117584065111,0,155.63333333333333,2.0,1,1761862955,1761862955,0,0,0,0,5,0,1096,1,0,0,0,0,1,1,1,0,1,1,1,0
207991139,1938090,1,1,0.0,0.0,0,0,0,1,0,0.0,0.0,1,0,0,0,0.0,0,0,0,0,2,2,251.21666666666667,3.716666666666667,251.21666666666667,0,1,0,1,0.0039806276122868,0.0147946659589995,0,125.60833333333332,1.0,1,1761857165,1761857165,0,0,0,0,5,0,1096,1,0,0,0,0,1,1,1,0,1,1,1,0
207990056,1938090,45,9,0.0444444444444444,0.0,0,0,0,2,2,-0.175,0.55,0,0,0,0,0.0,0,0,0,0,1,0,1.0166666666666666,0.0,1.0166666666666666,0,1,1,1,44.26229508196722,0.0,1,1.0166666666666666,1.0,0,1761856329,1761856329,0,1,1,0,5,0,1096,1,0,1,0,0,0,1,1,1,0,1,1,0
207981520,1938090,5,1,0.2,0.0,0,0,0,1,0,0.8,0.75,1,0,0,0,0.0,0,0,0,0,1,0,12.216666666666669,25.25,25.25,0,1,1,1,0.4092769440654843,1.0,0,25.25,1.0,0,1761849713,1761849713,0,0,0,0,5,0,1096,1,0,0,0,0,1,1,1,0,1,1,1,1
207980551,1938090,5,1,1.0,0.0,0,0,0,1,0,0.8,1.0,1,0,0,0,0.0,0,0,0,0,1,0,14.6,43.7,43.7,0,1,1,1,0.3424657534246575,1.0,0,43.7,1.0,0,1761848909,1761848909,0,0,0,0,6,0,1096,1,0,0,0,1,1,1,1,0,1,1,1,0
207977025,1938090,19,3,0.0,0.0,0,0,0,1,0,0.0,0.0,1,1,0,0,1.0,1,0,0,0,1,0,27.516666666666666,35.85,36.56666666666667,0,1,1,1,0.6904906117504543,0.980401093892434,0,36.56666666666667,1.0,1,1761846140,1761846140,0,0,1,0,5,0,1096,1,0,0,0,0,1,1,0,1,1,1,1,1
207968306,1938090,9,2,0.8888888888888888,0.0,0,0,0,1,0,0.3,0.35,1,0,0,0,0.0,0,0,1,0,2,5,337.0833333333333,40.31666666666667,353.7,0,1,0,0,0.026699629171817,0.1139854867590236,0,70.74,0.4,1,1761839534,1761839534,0,0,0,0,5,0,1096,1,0,0,0,1,1,0,1,0,1,1,1,0
207968135,1938090,5,1,0.0,0.0,0,0,0,1,0,0.0,0.0,1,0,0,0,0.0,0,0,1,1,1,2,57.083333333333336,12.25,60.45,0,1,0,1,0.0875912408759124,0.2026468155500413,0,30.225,0.5,1,1761839406,1761839406,0,0,0,0,6,0,1096,1,0,0,1,0,1,1,1,0,1,1,1,1
207964591,1938090,7,1,0.0,0.0,0,0,0,1,0,0.0,0.0,1,0,0,0,0.0,0,0,0,0,1,0,79.71666666666667,0.9666666666666668,80.66666666666667,0,1,1,1,0.0878109972820405,0.0119834710743801,0,80.66666666666667,1.0,1,1761836808,1761836808,0,0,0,0,5,0,1096,1,0,0,0,0,1,1,1,0,1,1,1,1
207963613,1938090,12,2,0.0,0.0,0,0,0,1,0,0.3,0.7,1,0,0,0,0.0,0,0,0,0,1,0,205.25,63.766666666666666,236.03333333333333,0,1,1,1,0.0584652862362971,0.2701595819799463,0,236.03333333333333,1.0,1,1761836086,1761836086,0,0,0,0,5,0,1096,1,0,0,0,0,1,1,1,0,1,1,1,0
207957698,1938090,16,4,0.0,0.0,0,0,0,1,0,-0.4,0.4,1,0,0,0,0.0,0,1,0,0,5,0,0.6666666666666666,0.0333333333333333,0.6666666666666666,0,0,1,1,24.0,0.05,1,0.6666666666666666,5.0,0,1761831491,1761831491,0,0,0,0,6,0,1096,0,1,1,0,0,1,1,1,0,1,1,1,1
207944042,1938090,28,3,0.0357142857142857,0.0714285714285714,0,0,0,1,0,0.0,0.0,0,0,0,0,0.0,0,0,0,0,2,6,0.2,1.4833333333333334,1.4833333333333334,0,1,0,0,140.0,1.0,1,0.2472222222222222,0.3333333333333333,0,1761818009,1761818009,0,0,0,0,5,0,1095,1,1,1,0,0,0,0,1,0,1,1,1,1
207938138,1938090,9,2,0.0,0.0,0,0,0,1,0,-0.2,0.5,0,0,0,0,0.0,0,0,0,0,1,0,281.85,21.83333333333333,281.85,0,1,1,1,0.031931878658861,0.0774643723020519,0,281.85,1.0,1,1761809336,1761809336,0,0,0,0,5,0,1095,1,0,0,0,0,1,1,1,0,1,1,1,0
207937318,1938090,14,4,0.0714285714285714,0.0,0,0,0,1,0,-0.4,0.4,1,0,0,0,0.0,0,1,0,0,2,0,33.0,22.78333333333333,46.35,0,1,1,1,0.4242424242424242,0.4915498022294139,0,46.35,2.0,1,1761808044,1761808044,0,0,0,0,5,0,1095,1,0,0,0,0,1,1,1,0,1,1,1,0
208332678,271590,12,2,0.6666666666666666,0.0,0,0,0,1,0,0.8,0.75,1,0,0,0,0.0,0,0,0,0,1,0,55.083333333333336,12.6,55.23333333333333,0,1,1,1,0.2178517397881997,0.228123114061557,0,55.23333333333333,1.0,1,1762192843,1762192843,0,1,0,0,5,0,3063,1,0,0,0,1,1,1,1,0,0,0,1,0
208320152,271590,8,1,1.0,0.0,0,0,0,1,0,0.0,0.0,1,0,0,0,0.0,0,0,0,0,2,0,29.1,1.15,29.1,0,1,1,1,0.274914089347079,0.0395189003436426,0,29.1,2.0,1,1762181855,1762181855,0,1,0,0,5,0,3063,1,0,0,0,1,1,1,1,0,0,0,1,0
208299772,271590,36,8,0.0,0.0,0,0,0,1,0,0.0499999999999999,0.5,1,1,0,0,1.0,1,0,1,1,1,11,0.45,0.45,0.45,0,1,0,0,80.0,1.0,1,0.0409090909090909,0.0909090909090909,0,1762157728,1762157728,0,1,1,0,5,0,3062,1,1,1,1,0,0,0,0,1,0,1,1,1
208273272,271590,12,4,0.0833333333333333,0.0833333333333333,0,0,0,1,0,0.5,0.8,1,0,0,0,0.0,0,0,0,0,2,0,412.1666666666667,0.7666666666666667,412.1666666666667,0,1,1,1,0.0291144359078042,0.0018600889607763,0,412.1666666666667,2.0,1,1762123410,1762123410,0,0,0,0,5,0,3062,1,0,0,0,0,1,1,1,0,1,1,1,0
208265418,271590,10,2,0.0,0.0,0,0,0,1,0,0.2,0.2,1,0,0,0,0.0,0,0,0,0,3,0,28.98333333333333,0.0,28.98333333333333,0,1,1,1,0.3450258769407705,0.0,0,28.98333333333333,3.0,1,1762117455,1762117455,0,1,1,0,5,0,3062,1,0,0,0,0,1,1,1,1,0,1,1,0
208251115,271590,7,1,0.0,0.0,0,0,0,1,0,0.0,0.0,1,0,0,0,0.0,0,0,0,0,1,0,31.6,36.91666666666666,36.91666666666666,0,1,1,1,0.2215189873417721,1.0,0,36.91666666666666,1.0,1,1762108805,1762108805,0,1,1,0,5,0,3062,1,0,0,0,0,1,1,1,1,0,1,1,0
208250257,271590,4,1,1.0,0.0,0,0,0,1,0,0.6,1.0,1,0,0,0,0.0,0,0,0,0,1,0,24.08333333333333,11.583333333333334,24.133333333333333,0,1,1,1,0.1660899653979239,0.4799723756906077,0,24.133333333333333,1.0,1,1762108189,1762108189,0,1,0,0,5,0,3062,1,0,0,0,1,1,1,1,0,0,0,1,0
208242556,271590,3,1,0.0,0.0,0,0,0,1,0,0.0,0.0,1,0,0,0,0.0,0,0,0,0,1,0,184.31666666666663,0.0,184.31666666666663,0,1,1,1,0.0162763360159146,0.0,0,184.31666666666663,1.0,1,1762102438,1762102438,0,1,1,0,5,0,3062,1,0,0,0,0,1,1,1,1,0,1,1,0
208216114,271590,4,1,0.0,0.0,0,0,0,1,0,0.7,0.6000000000000001,1,0,0,0,0.0,0,0,0,0,2,0,1.45,0.1166666666666666,1.45,0,1,1,1,2.7586206896551726,0.0804597701149425,1,1.45,2.0,0,1762081691,1762081691,0,1,1,0,6,0,3061,1,0,1,0,0,1,1,1,1,0,1,1,1
208168445,271590,4,1,1.0,0.0,0,0,0,1,0,0.0,0.0,1,0,0,0,0.0,0,0,0,0,1,0,9.95,13.833333333333334,13.833333333333334,0,1,1,1,0.4020100502512563,1.0,0,13.833333333333334,1.0,0,1762031324,1762031324,0,1,0,0,5,0,3061,1,0,0,0,1,1,1,1,0,0,0,1,0
208165554,271590,7,1,1.0,0.0,0,0,0,1,0,0.0,0.0,1,0,0,0,0.0,0,0,0,0,1,2,29.9,30.73333333333333,34.38333333333333,0,1,0,1,0.2341137123745819,0.8938439166262725,0,17.191666666666666,0.5,1,1762029056,1762029056,0,1,0,0,5,0,3061,1,0,0,0,1,1,1,1,0,0,0,1,0
208159332,271590,14,4,0.0,0.0,0,0,0,1,0,0.0,0.0,1,0,0,0,0.0,0,0,0,0,3,0,530.1,29.516666666666666,559.6166666666667,0,1,1,1,0.0264101112997547,0.0527444381570718,0,559.6166666666667,3.0,1,1762024352,1762024352,0,1,1,0,5,0,3061,1,0,0,0,0,1,1,1,1,0,1,1,0
208125173,271590,2,1,1.0,0.0,0,0,0,1,0,0.0,0.0,1,0,0,0,0.0,0,0,0,0,1,2,1230.05,12.35,1242.2833333333333,0,1,0,1,0.0016259501646274,0.0099413713994392,0,621.1416666666667,0.5,1,1761997971,1761997971,0,1,1,0,6,0,3060,1,0,0,0,1,1,1,1,1,0,1,1,0
208099430,271590,4,1,0.0,0.0,0,0,0,1,0,0.7,0.6000000000000001,1,0,0,0,0.0,0,0,0,0,1,0,19.95,1.4,21.366666666666667,0,1,1,1,0.2005012531328321,0.0655226209048361,0,21.366666666666667,1.0,0,1761966554,1761966554,0,0,1,0,6,0,3060,1,0,0,0,0,1,1,1,1,1,1,1,0
208074369,271590,3,1,0.0,0.0,0,0,0,1,0,0.0,0.0,1,0,0,0,0.0,0,0,0,0,1,0,58.266666666666666,0.0333333333333333,58.28333333333333,0,1,1,1,0.051487414187643,0.0005719187875321,0,58.28333333333333,1.0,1,1761940322,1761940322,0,0,1,0,6,0,3060,1,0,0,0,0,1,1,1,1,1,1,1,0
208043682,271590,4,1,1.0,0.0,0,0,0,1,0,0.7,0.6000000000000001,1,0,0,0,0.0,0,0,0,0,1,0,21.25,10.616666666666667,31.83333333333333,0,1,1,1,0.188235294117647,0.3335078534031414,0,31.83333333333333,1.0,1,1761915326,1761915326,0,1,1,0,6,0,3059,1,0,0,0,1,1,1,1,1,0,1,1,0
207963571,413150,9,3,0.7777777777777778,0.0,0,0,0,1,0,0.3,0.2,1,0,0,0,0.0,0,0,0,0,1,0,20.816666666666663,8.2,22.716666666666665,0,1,1,1,0.4323458767013611,0.3609684519442406,0,22.716666666666665,1.0,1,1761836055,1761836055,0,0,0,0,6,0,999,1,0,0,0,1,1,1,1,0,1,1,1,0
207928574,413150,3,1,0.3333333333333333,0.0,0,0,0,1,0,0.0,0.0,1,0,0,0,0.0,0,0,0,0,2,0,265.4,1.8833333333333333,267.28333333333336,0,1,1,1,0.0113036925395629,0.0070462056494356,0,267.28333333333336,2.0,1,1761794764,1761794764,0,1,0,0,5,0,999,1,0,0,0,1,1,1,1,0,0,0,1,0
207875632,413150,9,3,0.1111111111111111,0.0,0,0,0,1,0,0.0,0.0,1,0,0,0,0.0,0,0,0,0,2,0,391.78333333333336,0.0,391.78333333333336,0,1,1,1,0.0229718807163823,0.0,0,391.78333333333336,2.0,1,1761747713,1761747713,0,0,0,0,5,0,999,1,0,0,0,0,1,1,1,0,1,1,1,0
207874248,413150,3,1,0.0,0.0,0,0,0,1,0,0.3,0.2,1,0,0,0,0.0,0,0,0,0,1,0,102.71666666666668,8.75,105.75,0,1,1,1,0.029206555249067,0.0827423167848699,0,105.75,1.0,1,1761746602,1761746602,0,0,0,0,5,0,999,1,0,0,0,0,1,1,1,0,1,1,1,0
207872588,413150,5,1,0.2,0.2,0,0,0,1,0,0.7,0.6000000000000001,1,0,0,0,0.0,0,0,0,0,1,0,1.7333333333333334,0.0,1.7333333333333334,0,1,1,1,2.8846153846153846,0.0,1,1.7333333333333334,1.0,0,1761745136,1761745136,0,1,0,0,5,0,999,1,0,1,0,0,1,1,1,0,0,0,1,0
207870250,413150,13,7,0.5384615384615384,0.0,0,0,0,1,0,0.0,0.0,1,0,0,0,0.0,0,0,0,0,3,0,125.23333333333332,9.983333333333333,135.21666666666667,0,1,1,1,0.1038062283737024,0.0738321212868236,0,135.21666666666667,3.0,1,1761743001,1761743001,0,1,0,0,5,0,999,1,0,0,0,1,1,1,1,0,0,0,1,0
207869080,413150,3,1,1.0,0.0,0,0,0,1,0,0.0,0.0,1,0,0,0,0.0,0,0,0,0,1,0,268.1666666666667,15.483333333333333,280.6166666666667,0,1,1,1,0.0111870727159726,0.0551761002553899,0,280.6166666666667,1.0,1,1761741841,1761741841,0,1,0,0,5,0,999,1,0,0,0,1,1,1,1,0,0,0,1,0
207736595,1145360,14,2,0.9285714285714286,0.0,0,0,0,1,0,0.0,0.0,1,0,0,0,0.0,0,0,0,0,4,0,13.8,12.1,13.816666666666666,0,1,1,1,1.0144927536231882,0.8757539203860072,0,13.816666666666666,4.0,0,1761591269,1761591269,0,1,0,0,5,0,999,1,0,0,0,1,1,1,1,0,0,0,1,0
207722978,1145360,19,4,0.4210526315789473,0.1052631578947368,0,0,0,1,0,1.0,0.3,1,0,0,0,0.0,0,0,0,0,4,0,69.55,0.8333333333333334,70.38333333333334,0,1,1,1,0.2731847591660676,0.0118399242244849,0,70.38333333333334,4.0,1,1761578640,1761578640,0,0,0,0,6,0,999,1,0,0,0,1,1,1,1,0,1,1,1,0
207716014,1145360,5,1,0.0,0.0,0,0,0,1,0,0.0,0.0,1,1,0,0,1.0,1,0,1,1,2,0,7.35,8.85,9.466666666666669,0,1,1,1,0.6802721088435374,0.9348591549295774,0,9.466666666666669,2.0,0,1761572099,1761572099,0,0,0,0,5,0,999,1,0,0,1,0,1,1,0,0,1,1,1,0
207966894,292030,6,1,1.0,0.0,0,0,0,1,0,0.0,0.0,1,0,0,0,0.0,0,0,0,0,1,0,12.2,14.516666666666667,14.516666666666667,0,1,1,1,0.4918032786885246,1.0,0,14.516666666666667,1.0,0,1761838526,1761838526,0,1,0,0,5,0,999,1,0,0,0,1,1,1,1,0,0,0,1,0
207894912,292030,4,1,0.0,0.0,0,0,0,1,0,0.7,0.6000000000000001,1,0,0,0,0.0,0,0,0,0,2,0,34.2,0.0,34.2,0,1,1,1,0.1169590643274853,0.0,0,34.2,2.0,1,1761762603,1761762603,0,0,0,0,5,0,999,1,0,0,0,0,1,1,1,0,1,1,1,0
207823177,292030,9,1,0.0,0.0,0,0,0,1,0,0.5,0.6,1,0,0,0,0.0,0,0,0,0,3,0,330.03333333333336,7.116666666666666,334.4166666666667,0,1,1,1,0.0272699727300272,0.0212808372788437,0,334.4166666666667,3.0,1,1761686161,1761686161,0,0,0,0,5,0,999,1,0,0,0,0,1,1,1,0,1,1,1,0
207719861,292030,4,1,1.0,0.0,0,0,0,1,0,0.7,0.6000000000000001,1,0,0,0,0.0,0,0,0,0,1,1,11.95,15.433333333333334,22.95,0,1,1,1,0.3347280334728034,0.6724763979665941,0,22.95,1.0,0,1761575744,1761575744,0,1,0,0,5,0,999,1,0,0,0,1,1,1,1,0,0,0,1,0
